subreddit,id,author,author_flair_text,author_fullname,domain,link_flair_text,title,selftext,num_comments,created_utc,full_link
evolution,evf5pp,FernBully,,t2_s1vp6,self.evolution,,The term â€œselection pressureâ€,"I see people use this term a lot. I had a professor who would give written feedback on papers to not use this term. â€œItâ€™s just *selection*â€ he would say. Itâ€™s overly wordy he would say. It seemed like a pet peeve. He felt it was a redundant phrase for â€œselectionâ€. I respect this professor as a great writer as well as evolutionary biologist (heâ€™s written books with Carl Zimmer), so I dropped that phrase from my lexicon. So my question: I see very knowledgeable people use this phrase all the time... anyone have an opinion about â€œselection pressureâ€?",8,1580259743,https://www.reddit.com/r/evolution/comments/evf5pp/the_term_selection_pressure/
evolution,evbn98,ayywhatsuppengyou,,t2_5erucjrk,self.evolution,,The reason kids like dinosaurs and garbage collectors,"I was listening to a podcast earlier (Hello Internet # 135)  and the hosts were discussing young childrenâ€™s (mainly young boysâ€™) fascination with dinosaurs and with garbagemen, which many experience early in their life. One of the hosts came up with the idea that the garbage trucks trigger something evolutionary in our brains for identifying large animals in the environment at an early age, with the common dinosaur obsession being another example of the same type of instinct.

I know itâ€™s pretty out there, but what does r/evolution think of this theory?",2,1580245710,https://www.reddit.com/r/evolution/comments/evbn98/the_reason_kids_like_dinosaurs_and_garbage/
evolution,ev89ja,readyten,,t2_5jeryqh8,self.evolution,question,Why does exactly evolution happen?,"The consensus is that mutations happen as needed to adapt to the environment. But, how does that work? If a bird for example needs a longer beak to reach worms in a tree hole, how is its body able to ""understand"" that very specific need of elongating the beak and then somehow store that info and inject it into the DNA? It's almost as if the atoms are sentient or something.",9,1580231527,https://www.reddit.com/r/evolution/comments/ev89ja/why_does_exactly_evolution_happen/
evolution,ev7esb,ApplePiePear,,t2_4mgn4hj5,self.evolution,,Lol yâ€™all kinda geiy,[removed],0,1580227714,https://www.reddit.com/r/evolution/comments/ev7esb/lol_yall_kinda_geiy/
evolution,ev6ih4,massanishi,,t2_mxn15,lithub.com,,The Desire for Friendship Runs Deeper in Primates Than We Thought,,0,1580222929,https://www.reddit.com/r/evolution/comments/ev6ih4/the_desire_for_friendship_runs_deeper_in_primates/
evolution,ev5ym3,Fanboy375,,t2_3n09bv72,self.evolution,discussion,I have been told that Homo Erectus is not a separate specie,Pat Shipman in her article Doubting Demenisi she claim that in senckenberg conference researchers have agree that Homo Erectus is not a separate specie from homo sapiens. How true is this claim.,5,1580220092,https://www.reddit.com/r/evolution/comments/ev5ym3/i_have_been_told_that_homo_erectus_is_not_a/
evolution,ev42pd,Goelian,,t2_hb7j0,self.evolution,,"""GENESIS"" (STEREO SOUNDSCAPE)","I made a soundscape about the formation of our universe and the origins of human life on earth. 

(Recommended to listen with headphones or stereo equipment.) 

[https://julianvennik.com/genesis](https://julianvennik.com/genesis)

I'm curious what you guys think of it!",0,1580208757,https://www.reddit.com/r/evolution/comments/ev42pd/genesis_stereo_soundscape/
evolution,ev3xlw,Bookscrounger,Behavioral Ecology,t2_uck7l,sciencealert.com,,Rapid Evolution Made These Paper Wasps Capable of Recognising Each Other's Faces,,3,1580207746,https://www.reddit.com/r/evolution/comments/ev3xlw/rapid_evolution_made_these_paper_wasps_capable_of/
evolution,euwtwv,ayywhatsuppengyou,,t2_5erucjrk,self.evolution,,Could we possibly evolve to be pre-circumcised?,"After all, a substantial amount of energy goes into growing the foreskin, only for it to be cut off nearly at birth in the United States, Islamic world, Israel, and other communities. Isnâ€™t that a waste of resources? Will we eventually evolve to not bother growing a foreskin?",3,1580168747,https://www.reddit.com/r/evolution/comments/euwtwv/could_we_possibly_evolve_to_be_precircumcised/
evolution,eus8n4,cambridgealert,,t2_1z0hjbz4,cambridgealert.com,article,Darwin In Wonderland: How Could Tales Help Us Facing Extinction .. A lot of biologists think that we may currently be experiencing the sixth mass extinction of biological species,,31,1580150543,https://www.reddit.com/r/evolution/comments/eus8n4/darwin_in_wonderland_how_could_tales_help_us/
evolution,euro8b,SbuffoGrigio,,t2_1uvfgzxq,self.evolution,question,Did the weberian apparatus evolve into the ear of terrestrial vertebrates?,"My professor went as far as saying that the middle ear of mammals evolved from weberian ossicles. I know that this isn't true, as I've read that the middle ear (namely, malleus and incus) evolved from reptilians' jaw bones. Maybe he's referring only to the stapes? Or some part of the inner ear? Or is he completely wrong?   
I couldn't find much googling, so any answer is appreciated :)",5,1580148318,https://www.reddit.com/r/evolution/comments/euro8b/did_the_weberian_apparatus_evolve_into_the_ear_of/
evolution,eult95,Bookscrounger,Behavioral Ecology,t2_uck7l,massivesci.com,,Swamp sparrows can guess each otherâ€™s ages from the sounds of their song,,4,1580118448,https://www.reddit.com/r/evolution/comments/eult95/swamp_sparrows_can_guess_each_others_ages_from/
evolution,euhb05,everyethnos,Creationist,t2_1jhytuff,self.evolution,,Mathematical Challenges To Darwin's Theory Of Evolution,"To be transparent, I am a Christian and a Creationist. I have not posted in this sub before but I have lurked for awhile.

If you have the time, you can watch the video OR there is a brief summary of what happens in the video but obviously not containing the specific arguments presented.

The tone of this post should be considered serious.

The purposes of posting this video is:

a) to receive critical feedback and serious commentary on the subject matter.

b) elicit more resources about evolution and specifically the mathematics associated with the microbiology

c) hear your personal thoughts about the content in this video.

Link: https://www.hoover.org/research/mathematical-challenges-darwins-theory-evolution-david-berlinski-stephen-meyer-and-david",2,1580091892,https://www.reddit.com/r/evolution/comments/euhb05/mathematical_challenges_to_darwins_theory_of/
evolution,eugt0s,ngdreddit,,t2_p9idy,self.evolution,,Made a comedy video about evolution,"Hey guys, I made a comedy video about evolution, and was hoping you would check it out. It was my first attempt at making a youtube video so I hope you like it! Thanks!

[https://www.youtube.com/watch?v=j0BTktoxx\_A](https://www.youtube.com/watch?v=j0BTktoxx_A)",0,1580089469,https://www.reddit.com/r/evolution/comments/eugt0s/made_a_comedy_video_about_evolution/
evolution,eughtb,ngdreddit,,t2_p9idy,self.evolution,,Made a comedy video about evolution,"Hey guys, I made a comedy video about evolution. It was my first shot at a youtube video, please check it out. Hope you think it's funny!",0,1580087955,https://www.reddit.com/r/evolution/comments/eughtb/made_a_comedy_video_about_evolution/
evolution,eufi8l,krabmanice,,t2_2inkwkm2,self.evolution,question,Do most mammals naturally mate outside of their immediate relatives?,"In other words, do mammals naturally avoid incestuous mating practices? Also I know little about evolution and biology so please excuse potential misnomers.",8,1580083365,https://www.reddit.com/r/evolution/comments/eufi8l/do_most_mammals_naturally_mate_outside_of_their/
evolution,eud5b3,ayywhatsuppengyou,,t2_5erucjrk,self.evolution,question,Is it possible that we will evolve to innately know the qwerty keyboard?,"The keyboard is used by billions of people, and, since it was the first to gain dominance in the digital age, it seems likely to stick as a standard for perhaps until we stop using keyboards entirely. It isnâ€™t only used among English speakers, either; countless people who speak Chinese, Japanese, Indian languages, Spanish, etc all also use it. 45% of the world has a smartphone, and as we eradicate poverty soon, more and more people will be using this keyboard. 

Thoughts? I know it sounds stupid but Iâ€™d like to know if itâ€™s plausible.",6,1580073640,https://www.reddit.com/r/evolution/comments/eud5b3/is_it_possible_that_we_will_evolve_to_innately/
evolution,euczqp,Age_memnon,,t2_51nndppn,self.evolution,question,Are we going through a new evolution ?,"Last 10 years are full of wars, people going mad and rape, natural disasters, policians are stupid and people are worse. Reading book, studying...nothing helps us. Is this part of a new evolution for our race ? I allways believed that evolution comes after chaos. Like black death or world wars. I mean evolution of mind, not body.

At the beginning of 2000's chaos began really slowly but we had a time to breath before something else happens. But the last 5 years...well, you know what i mean. No time to enjoy life. We all are waiting for the next day to see if things get better but even if we solve something, a new problem starts.",78,1580073030,https://www.reddit.com/r/evolution/comments/euczqp/are_we_going_through_a_new_evolution/
evolution,euch4m,AxisMandorla,,t2_5faqgp4z,self.evolution,question,Books/papers on â€œfear of the darkâ€?,Knowing itâ€™s an archaic evolutionary trait how can I learn more about the processes of this? Thanks.,3,1580071010,https://www.reddit.com/r/evolution/comments/euch4m/bookspapers_on_fear_of_the_dark/
evolution,eu2kgf,beniolenio,,t2_tirjbv4,self.evolution,question,Full Evolutionary tree?,Is there any website or something on which I can explore a full or large evolutionary tree that shows each kingdom and phylum and order and so on up to each specific species of life?,17,1580015677,https://www.reddit.com/r/evolution/comments/eu2kgf/full_evolutionary_tree/
evolution,eu24yr,Rcrez,,t2_11l0pk,self.evolution,question,Is intelligence a trait thats not favored by evolution?,"I've wondered, developed countries have fewer kids than developing countries. I know lots of friends who live comfortable lifestyles, have high paying/skilled/stressful jobs. They also tell me that they don't have enough money to have a kid and are barely making enough to support themselves (I live in the bay area and rent in SF is astronomical). 

If the trend of our society is more education, higher paying jobs as doctors, lawyers, tech professionals so you can buy that small apartment downtown for $1 million, go to fancy restaurants and nice international trips and not have any left for a family. How is that good for evolution? Can we be too distracted by making ourselves comfortable that we don't' have kids and therefore intelligence and a technologically developed society is not a trait thats selected by evolution?",7,1580013105,https://www.reddit.com/r/evolution/comments/eu24yr/is_intelligence_a_trait_thats_not_favored_by/
evolution,etyogo,robespierrem,,t2_tll23,self.evolution,,"Why are humans irrational at all, do other animals or species show a similar level of irrationality",Just wondering as  i can't see where being  irrational ould be advantageous other than  about death in general i.e being delusional about our mostly miserable existences.,8,1579995681,https://www.reddit.com/r/evolution/comments/etyogo/why_are_humans_irrational_at_all_do_other_animals/
evolution,etsmho,TimeOutLoud,,t2_58dyjja1,self.evolution,question,"Evolving (""training"") bacteria to live on Mars?","As we know the atmospheric makeup and conditions on Mars, it seems plausible we could steer the evolution of a hardy bacteria towards surviving, indeed thriving in those replicated conditions in the lab on Earth. It seems a straighfoward cheap experiment to carry out.

Just wondering if anyone can point out any work on this?",3,1579968728,https://www.reddit.com/r/evolution/comments/etsmho/evolving_training_bacteria_to_live_on_mars/
evolution,etrydn,ursisterstoy,,t2_ni1r89j,youtu.be,,"Part one of the emergence of Homo sapiens. This one mostly discusses our large brains, the mutations that led to us having them, and the impact that this has on us - both good and bad.",,5,1579965462,https://www.reddit.com/r/evolution/comments/etrydn/part_one_of_the_emergence_of_homo_sapiens_this/
evolution,etrpa6,artsandopinion,,t2_34pjwqig,artsandopinion.com,,THE TROUBLE WITH DARWIN,,0,1579964181,https://www.reddit.com/r/evolution/comments/etrpa6/the_trouble_with_darwin/
evolution,etr5sm,wgolding,,t2_gti8t,youtube.com,,Recently created documentary on history of Evolution by YouTuber AdoredTV [starts 3:05],,2,1579961193,https://www.reddit.com/r/evolution/comments/etr5sm/recently_created_documentary_on_history_of/
evolution,etoobr,Few-Tiger,,t2_52vsr9ck,self.evolution,question,Spontaneous Gut Combustion - why was it not selected against?,"https://steemit.com/blog/@steemknowledge/did-you-know-65-fact-vs-fiction-spontaneous-combustion

I recently read a book that mentions how a build up of phosphine (which is pyrophoric past 1% in small amounts of oxygen, and the gut has oxygen level of ~10%) could cause the gut to explode like a fuel tank full of fuel vapors - https://books.google.co.uk/books?id=UihGDwAAQBAJ&amp;pg=PT145&amp;lpg=PT145&amp;dq=spontaneous+combustion+human+%22his+gut%22&amp;source=bl&amp;ots=33H1_wNLbE&amp;sig=ACfU3U07TZ4yD2z65eXH9G88_YvMTwwWKA&amp;hl=en&amp;sa=X&amp;ved=2ahUKEwixxKvwypvnAhUAVBUIHZ3BDp4Q6AEwEnoECAoQAQ#v=onepage&amp;q=spontaneous%20combustion%20human%20%22his%20gut%22&amp;f=false

Is there any merit to this? The first link includes a case where a flame was actually witnessed to burst from a hole in the stomach area in absence of any cigarettes or matches.

Kind of a fringe topic but it's late and I'm kind of stoned",3,1579943752,https://www.reddit.com/r/evolution/comments/etoobr/spontaneous_gut_combustion_why_was_it_not/
evolution,etnwn5,haydenislurking,,t2_3cwzpeoj,self.evolution,,Humanistic evolution in intelligence,"I got to thinking because it's 1AM and I have nothing better to do, and sleep is for the weak, but I started thinking about human evolution, and how we've evolved to be drastically different from our distant cousins in the trees. I'm not necessarily a creationist, and I believe in evolution to many extents, but I wondered why chimpanzees, gorillas, and other apes haven't evolved quite to our extent. There's no denying the intelligence or capability of these animals, but compared to humans they're not on the same skill. The most intelligent of gorillas, have an iq from 75-95. 75 for a human is considered borderline intellectually functional to live alone. I have done much research on the human brain and overall brain size and comparison to intelligence for a college lev zoology class I took, and I got a 100 on the paper, so I understand it fairly well. So my question is if humans aren't neccesarily super special, why other apes haven't exactly evolved to near our level. Gorillas have been around far longer than humans have arguably, so they've had plenty of time to evolve similar to us, being more intelligent, defined language skills. Theoretically given an X amount of time is it possible for a species to become human like? With a high intelligence and physical capacity to put said intelligence to work and colonize and influence their environment in the same way we are able to?",22,1579938095,https://www.reddit.com/r/evolution/comments/etnwn5/humanistic_evolution_in_intelligence/
evolution,etiq66,Certifiedpedo,,t2_5gdbx0q1,self.evolution,question,Is this possible ?,"1) Is it possible for us to evolve into more advanced version of ourselves ? Like from homosapeins to homosapeinsapeins if yes, how and when ?

2) Is it possible that some other animal species might get evolved more advance than us or same as us like how Neanderthals and we coexisted  together ? If not , why so ?",1,1579909357,https://www.reddit.com/r/evolution/comments/etiq66/is_this_possible/
evolution,ethu8j,ayywhatsuppengyou,,t2_5erucjrk,self.evolution,question,"If another species had evolved human like intelligence, would their bodies still allow them to create infrastructure/technology like we do?","I mean, a dogâ€™s paws donâ€™t seem like they could really construct any tools, but could they? Are humans just really well suited for tool use or could other animals hypothetically do it?",4,1579905335,https://www.reddit.com/r/evolution/comments/ethu8j/if_another_species_had_evolved_human_like/
evolution,etcuy3,balloontrap,,t2_176ym7,self.evolution,question,"If an alien planet had aquatic and land based life, are they likely to resemble the creatures on Earth due to principles behind convergent evolution?",,24,1579884133,https://www.reddit.com/r/evolution/comments/etcuy3/if_an_alien_planet_had_aquatic_and_land_based/
evolution,etanpn,ricky_el_dia,,t2_578y1hmv,self.evolution,question,Recommendation for PhD program,"Hello! Let me begin with some background. I am a junior at a large state university. I have a 4.0 gpa in Political Science (B.S.) with minors in philosophy and history. I recently got excited about evolutionary biology and I am looking into applying to a lot of state school/Ivy league PhD programs. My questions are:

1) Can I get accepted into any program or should I give up now?
2) Would it be weird to be one of the few social science majors in the program?
3)Are there jobs in this field (preferably teaching)?

Any comments help, thank you!",8,1579873859,https://www.reddit.com/r/evolution/comments/etanpn/recommendation_for_phd_program/
evolution,et12hw,ArmoredKappa,,t2_11gjg9,self.evolution,question,Is there any timeline of human evolution starting back from fishies that shows pictures of how we looked over time?,"Like [this](https://upload.wikimedia.org/wikipedia/commons/3/30/Age-of-Man-wiki.jpg) gives a good overview of when different vertebrates branched off, but it'd be nice to have pictures.

Like [this](https://i.imgur.com/tcsIGtn.png) picture of fishies starting to sprout legs is lit, I wanna see the whole story though",18,1579820298,https://www.reddit.com/r/evolution/comments/et12hw/is_there_any_timeline_of_human_evolution_starting/
evolution,et0v8q,kazemhosseini,,t2_35ef6f6d,self.evolution,question,"Evolution can't happen the way Darwin thought, is there any recent theory about how new species can emerge?",,6,1579819467,https://www.reddit.com/r/evolution/comments/et0v8q/evolution_cant_happen_the_way_darwin_thought_is/
evolution,esyzjf,robespierrem,,t2_tll23,self.evolution,,intuition based question - Does the population's mutation rate increase linearly with the population number.,more individuals more mutations is the intuition just wanna know if that's off the mark at all?,1,1579811720,https://www.reddit.com/r/evolution/comments/esyzjf/intuition_based_question_does_the_populations/
evolution,esxnpc,darktennisball,,t2_ow9xh,self.evolution,question,"Which came first, urination or ejaculation for procreation","There are some early microanimals that procreate asexually (even though Iâ€™m assuming some asexual organism still release a sperm which is technically ejaculation and some animals that utilize photosynthesis and the sea, thus efficiently do not need to excrete water waste so I have no idea. This started as a joke between me and a friend but now Iâ€™m actually kinda curious... Iâ€™m assuming ejaculation but survival is more important than reproduction right?",7,1579806235,https://www.reddit.com/r/evolution/comments/esxnpc/which_came_first_urination_or_ejaculation_for/
evolution,eso5yu,Fanboy375,,t2_3n09bv72,youtu.be,video,Misunderstanding Homologies,,0,1579753825,https://www.reddit.com/r/evolution/comments/eso5yu/misunderstanding_homologies/
evolution,esnz3t,yoda-mode,,t2_rods7zc,self.evolution,question,"Why don't we see any proto-limb ""attempts""?","This might seem like a completely noob question, but it would help a tremendous amount towards building my intuition of the process.

The main reason why I ask is because it seems to me that in order for selection to eventually ""fix"", so to speak, the arm to a given location, you would have to try every other possible location at some rudimentary (infinitesimal?) level. This just seems like it follows from the random nature of mutation/variation/etc. as it interacts with the ordering principle of selection.

Is there something wrong with my understanding of the nature of variation/mutation, or is the key idea really about ""accumulated infinitesimal change""?",20,1579752724,https://www.reddit.com/r/evolution/comments/esnz3t/why_dont_we_see_any_protolimb_attempts/
evolution,esnae1,awkward4bothofus,,t2_4i1tnay3,self.evolution,question,Has any other herbivore transitioned to predator the way humans did?,"As titled, curious if other species have followed this path. I understand that herbivore had to come first just as plants had to come before herbivores. But after predators were well established did any other herbivore adapt to carnivorous life in the manner humans did? It seems like a difficult adaptation to make in the presence of fully adapted predators of great variety and number.",37,1579749434,https://www.reddit.com/r/evolution/comments/esnae1/has_any_other_herbivore_transitioned_to_predator/
evolution,esjy6d,rapsacD,,t2_48gc125t,self.evolution,,Examples of human participation in evolution,"Hey r/evolution

Iâ€™m having trouble finding concrete examples of human influenced evolution. Iâ€™m aware of processes like selective breading, but would like a less obvious / intentional example. Preferably beneficial evolution or inadvertently detrimental applications.

Thanks!",12,1579734572,https://www.reddit.com/r/evolution/comments/esjy6d/examples_of_human_participation_in_evolution/
evolution,esgxgg,Partywithtom,,t2_x2xf4,self.evolution,discussion,Discussion: is universal concept that increases at an exponential rate?,I feel it is. If not explain and I'll elaborate.,14,1579721861,https://www.reddit.com/r/evolution/comments/esgxgg/discussion_is_universal_concept_that_increases_at/
evolution,es9adw,ahivarn,,t2_lbx4e,livescience.com,article,Scientists uncover new mode of evolution,,63,1579682722,https://www.reddit.com/r/evolution/comments/es9adw/scientists_uncover_new_mode_of_evolution/
evolution,es3q2x,feraferoxdei,,t2_11jxkw,youtu.be,video,Violence In Human Evolution,,0,1579652139,https://www.reddit.com/r/evolution/comments/es3q2x/violence_in_human_evolution/
evolution,es3jl0,kazemhosseini,,t2_35ef6f6d,self.evolution,question,Will humans eventually evolve to see our quantum world for what it actually is?,,20,1579651271,https://www.reddit.com/r/evolution/comments/es3jl0/will_humans_eventually_evolve_to_see_our_quantum/
evolution,es3guw,ayywhatsuppengyou,,t2_5erucjrk,self.evolution,question,Do you ever just revel in how cool it is to be human?,"Like, weâ€™re genetically nearly identical with the founders of the first civilization ever on this planet. We still have so many vestigial traits that make us animal, such as our primal instincts and bodies built for a life of hunting and gathering, but weâ€™re also the smartest things ever to have existed, period. We have mastered language, something our ancestors could never dream of. And our civilization? Weâ€™ve experienced some much change, especially during the 20th and 21st centuries. What a time to be alive.",5,1579650929,https://www.reddit.com/r/evolution/comments/es3guw/do_you_ever_just_revel_in_how_cool_it_is_to_be/
evolution,es0zuu,glotilda1888,,t2_5dnuafvc,self.evolution,,Reproduction strategies!,"Hi!
Searching for a book on a reproduction strategies. Or some interesting studies (if accessible). Serious or pop-science, it doesn't matter. The mathier the better. Any species. The weirder the better.",2,1579640542,https://www.reddit.com/r/evolution/comments/es0zuu/reproduction_strategies/
evolution,es06ne,millsmeow,,t2_3vtobi6i,self.evolution,question,Theoryâ€™s,"Can someone help explain to me what negative frequency dependent selection means, phenotypic plasticity is and what social niche specialisation means? 
Iâ€™ve only been able to find  scientific reports on them and Iâ€™m struggling to find to the point definitions.",2,1579637194,https://www.reddit.com/r/evolution/comments/es06ne/theorys/
evolution,erzncx,AppTB,,t2_10cc9v,nytimes.com,article,"Air Pollution, Evolution, and the Fate of Billions of Humans",,1,1579634955,https://www.reddit.com/r/evolution/comments/erzncx/air_pollution_evolution_and_the_fate_of_billions/
evolution,erz0sc,DisagreementHD,,t2_2ckav5ab,self.evolution,question,Is this a valid argument?,"""The known fossil record isnt complete. That us, one species going through major morphological changes and become another species. The gradualist model has never proven the transition between one kind to another. There isnt a single example of phyletic evolution."" - Steven M. Stanley.",7,1579632440,https://www.reddit.com/r/evolution/comments/erz0sc/is_this_a_valid_argument/
evolution,erybf8,kazemhosseini,,t2_35ef6f6d,self.evolution,,Several species of animals use echoes for various purposes. These include bats and toothed whales.,How did they get to Echo?,0,1579629373,https://www.reddit.com/r/evolution/comments/erybf8/several_species_of_animals_use_echoes_for_various/
evolution,erw4ky,ayywhatsuppengyou,,t2_5erucjrk,self.evolution,,What are some future human adaptations/traits that will emerge because of society/technology?,Have any anthropologists or evolutionary biologists talked about this?,1,1579620544,https://www.reddit.com/r/evolution/comments/erw4ky/what_are_some_future_human_adaptationstraits_that/
evolution,ervaav,paladin97,,t2_5a7nj3pj,self.evolution,question,Why is love so biologically rewarding?,"Why is love among humans, particularly  monogamous pair-bonding so highly rewarding? 

This question is from the perspective of evolutionary biology. I understand why sexual interactions between humans is so rewarding, it encourages mating and ensures survival of the species. I also, to some degree, understand why 'love' would have evolved. It ensures that the two parents stay together and care for their offspring.

My question relates particularly to the emotions that accompany being with someone you are in 'love' with. I've experienced such instances where I've been in 'love' wth a person and it did not involve any sexual interactions yet was highly rewarding (more rewarding than relationships that did involve sexual interactions yet lacked 'love'.)

Why is such an interaction with a person so biologically rewarding even though it seems to play such a small role in the propagation and survival of the species?",16,1579616434,https://www.reddit.com/r/evolution/comments/ervaav/why_is_love_so_biologically_rewarding/
evolution,ertugz,JackWilson1990,,t2_3zxperzi,youtu.be,video,World's Scariest Looking Animals,,2,1579608923,https://www.reddit.com/r/evolution/comments/ertugz/worlds_scariest_looking_animals/
evolution,erqx6a,GigaBoss101,,t2_vd845,youtube.com,,The Aquatic Ape Hypothesis,,1,1579589387,https://www.reddit.com/r/evolution/comments/erqx6a/the_aquatic_ape_hypothesis/
evolution,erjtil,AuntAmanita,,t2_4js27fc5,self.evolution,,A holiday for LUCA,"Help me out.

If you were to select a day to celebrate LUCA and the theory of universal common ancestry, what day would you pick? Perhaps the publication date of a landmark paper? Some other related holiday or event? Is there already such a date (I couldn't find one)?

What would you do on such a holiday? What would you look for in your community?

I am interested in celebrations that remain relevant and compelling as our understanding of the world changes. The idea that all life on Earth is related to each other seems worthy of that kind of celebration.",5,1579554951,https://www.reddit.com/r/evolution/comments/erjtil/a_holiday_for_luca/
evolution,erfwf9,Insect93,,t2_49wp5xhn,youtube.com,,Video on the Evolution of Armadillos [11 mins],,0,1579539473,https://www.reddit.com/r/evolution/comments/erfwf9/video_on_the_evolution_of_armadillos_11_mins/
evolution,erfglb,ayywhatsuppengyou,,t2_5erucjrk,self.evolution,question,"Why does working out cause pain, implying it harms reproductive success, when it actually helps/helped with it?",,5,1579537665,https://www.reddit.com/r/evolution/comments/erfglb/why_does_working_out_cause_pain_implying_it_harms/
evolution,eradqs,Rauisuchian,,t2_fwu4w,nature.com,,"Evolutionarily ancient iron-sulfur clusters are conserved in the chloroplasts of modern plants, protists, and bacteria",,0,1579507980,https://www.reddit.com/r/evolution/comments/eradqs/evolutionarily_ancient_ironsulfur_clusters_are/
evolution,equmm2,kingfisher2018,,t2_1nykobua,youtube.com,video,Timeline Of HUMAN EVOLUTION â˜… From Ape To Man,,7,1579428775,https://www.reddit.com/r/evolution/comments/equmm2/timeline_of_human_evolution_from_ape_to_man/
evolution,eqtxlb,Elay870870,,t2_35gwxgj1,youtu.be,video,Legendary Giant Squid's Genome Revealed - Mysterious Creature May Be Hugely Intelligent,,11,1579423449,https://www.reddit.com/r/evolution/comments/eqtxlb/legendary_giant_squids_genome_revealed_mysterious/
evolution,eqn7i5,ursisterstoy,,t2_ni1r89j,youtu.be,,The evolution of human smiles?,,0,1579385388,https://www.reddit.com/r/evolution/comments/eqn7i5/the_evolution_of_human_smiles/
evolution,eqn666,ayywhatsuppengyou,,t2_5erucjrk,self.evolution,question,How big was the fish that evolved into tetrapods?,,13,1579385228,https://www.reddit.com/r/evolution/comments/eqn666/how_big_was_the_fish_that_evolved_into_tetrapods/
evolution,eqmqa8,ayywhatsuppengyou,,t2_5erucjrk,self.evolution,,Did the ancestors of whales eat insects?,Totally random thought,3,1579383316,https://www.reddit.com/r/evolution/comments/eqmqa8/did_the_ancestors_of_whales_eat_insects/
evolution,eqiqht,spunth,,t2_1iepgrmo,self.evolution,discussion,"Evolution, having children, and happiness","""Martin Seligman, the father of Positive psychology, has taken a step back to look over the years of research in the field that he created and presided over. In his most recent book, ğ˜ğ˜­ğ˜°ğ˜¶ğ˜³ğ˜ªğ˜´ğ˜©, he suggests that the field overreached in trying to make happiness the measure of well-being and life satisfaction. ğ—¦ğ—²ğ—¹ğ—¶ğ—´ğ—ºğ—®ğ—» ğ—½ğ—¼ğ—¶ğ—»ğ˜ğ˜€ ğ˜ğ—¼ ğ—°ğ—µğ—¶ğ—¹ğ—±ğ—¿ğ—²ğ—», ğ˜„ğ—µğ—¼ ğ—¶ğ—» ğ—½ğ—¼ğ—¹ğ—¹ğ—¶ğ—»ğ—´ ğ—¿ğ—²ğ˜€ğ—²ğ—®ğ—¿ğ—°ğ—µ ğ—®ğ—¿ğ—² ğ—®ğ˜€ğ˜€ğ—¼ğ—°ğ—¶ğ—®ğ˜ğ—²ğ—± ğ˜„ğ—¶ğ˜ğ—µ ğ˜€ğ˜ğ—¿ğ—²ğ˜€ğ˜€ ğ—®ğ—»ğ—± ğ—ºğ—®ğ—¿ğ—¶ğ˜ğ—®ğ—¹ ğ—±ğ—¶ğ˜€ğ—°ğ—¼ğ—¿ğ—±. ğ—ªğ—µğ˜† ğ—±ğ—¼ ğ—¼ğ˜ğ—µğ—²ğ—¿ğ˜„ğ—¶ğ˜€ğ—² ğ—¿ğ—²ğ—®ğ˜€ğ—¼ğ—»ğ—®ğ—¯ğ—¹ğ—² ğ—½ğ—²ğ—¼ğ—½ğ—¹ğ—² ğ—¸ğ—²ğ—²ğ—½ ğ—µğ—®ğ˜ƒğ—¶ğ—»ğ—´ ğ˜ğ—µğ—²ğ—º? Perhaps there is more to a life well-lived than how happy you were living it."" [Source. ](https://www.psychologytoday.com/us/blog/friction/201105/the-swinging-pendulum-psychological-wisdom)

Where does one begin? First, do you see how Seligman bites the bullet on procreation? ""If people procreate despite becoming less happy as a result â€” then by God, to Hell with happiness! (Thanks, Martin, but I'll pass on your armchair philosophizing and stick with happiness as my goal.) 

The explanation for why ""otherwise reasonable people"" keep having children is well known: Evolution has implanted drives and inclinations in people that are geared toward passing on their genes, ğ˜¯ğ˜°ğ˜µ toward making them happier. Evolution does not care if you are happy. 

It's the same ""reason"" an ""otherwise reasonable"" middle-aged executive bangs his 25-year-old secretary, gets caught, gets taken to the cleaners in divorce court (losing half his earnings over the 20-year marriage), and ends up just as miserable â€” if not more so â€” with a lighter wallet and a shitty marriage to his callow former secretary. Yet no one, not even Martin Seligman, concludes this type of behavior is part of a ""well-lived life."" 

""Evolution does not make happiness its goal; it aims simply at evolution and nothing else.""

â€” Friiedrich Nietzsche, ğ˜‹ğ˜¢ğ˜ºğ˜£ğ˜³ğ˜¦ğ˜¢ğ˜¬

""[T]o say that something is 'natural' is not to say that it is good. There is no reason to adopt natural selection's 'values' as our own. But presumably if we want to pursue values that are at odds with natural selection's, we need to know what we're up against.""

â€” Robert Wright, ğ˜›ğ˜©ğ˜¦ ğ˜”ğ˜°ğ˜³ğ˜¢ğ˜­ ğ˜ˆğ˜¯ğ˜ªğ˜®ğ˜¢ğ˜­",4,1579366171,https://www.reddit.com/r/evolution/comments/eqiqht/evolution_having_children_and_happiness/
evolution,eqiqhs,spunth,,t2_1iepgrmo,self.evolution,discussion,"Evolution, having children, and happiness","""Martin Seligman, the father of Positive psychology, has taken a step back to look over the years of research in the field that he created and presided over. In his most recent book, ğ˜ğ˜­ğ˜°ğ˜¶ğ˜³ğ˜ªğ˜´ğ˜©, he suggests that the field overreached in trying to make happiness the measure of well-being and life satisfaction. ğ—¦ğ—²ğ—¹ğ—¶ğ—´ğ—ºğ—®ğ—» ğ—½ğ—¼ğ—¶ğ—»ğ˜ğ˜€ ğ˜ğ—¼ ğ—°ğ—µğ—¶ğ—¹ğ—±ğ—¿ğ—²ğ—», ğ˜„ğ—µğ—¼ ğ—¶ğ—» ğ—½ğ—¼ğ—¹ğ—¹ğ—¶ğ—»ğ—´ ğ—¿ğ—²ğ˜€ğ—²ğ—®ğ—¿ğ—°ğ—µ ğ—®ğ—¿ğ—² ğ—®ğ˜€ğ˜€ğ—¼ğ—°ğ—¶ğ—®ğ˜ğ—²ğ—± ğ˜„ğ—¶ğ˜ğ—µ ğ˜€ğ˜ğ—¿ğ—²ğ˜€ğ˜€ ğ—®ğ—»ğ—± ğ—ºğ—®ğ—¿ğ—¶ğ˜ğ—®ğ—¹ ğ—±ğ—¶ğ˜€ğ—°ğ—¼ğ—¿ğ—±. ğ—ªğ—µğ˜† ğ—±ğ—¼ ğ—¼ğ˜ğ—µğ—²ğ—¿ğ˜„ğ—¶ğ˜€ğ—² ğ—¿ğ—²ğ—®ğ˜€ğ—¼ğ—»ğ—®ğ—¯ğ—¹ğ—² ğ—½ğ—²ğ—¼ğ—½ğ—¹ğ—² ğ—¸ğ—²ğ—²ğ—½ ğ—µğ—®ğ˜ƒğ—¶ğ—»ğ—´ ğ˜ğ—µğ—²ğ—º? Perhaps there is more to a life well-lived than how happy you were living it."" [Source. ](https://www.psychologytoday.com/us/blog/friction/201105/the-swinging-pendulum-psychological-wisdom)

Where does one begin? First, do you see how Seligman bites the bullet on procreation? ""If people procreate despite becoming less happy as a result â€” then by God, to Hell with happiness! (Thanks, Martin, but I'll pass on your armchair philosophizing and stick with happiness as my goal.) 

The explanation for why ""otherwise reasonable people"" keep having children is well known: Evolution has implanted drives and inclinations in people that are geared toward passing on their genes, ğ˜¯ğ˜°ğ˜µ toward making them happier. Evolution does not care if you are happy. 

It's the same ""reason"" an ""otherwise reasonable"" middle-aged executive bangs his 25-year-old secretary, gets caught, gets taken to the cleaners in divorce court (losing half his earnings over the 20-year marriage), and ends up just as miserable â€” if not more so â€” with a lighter wallet and a shitty marriage to his callow former secretary. Yet no one, not even Martin Seligman, concludes this type of behavior is part of a ""well-lived life."" 

""Evolution does not make happiness its goal; it aims simply at evolution and nothing else.""

â€” Friiedrich Nietzsche, ğ˜‹ğ˜¢ğ˜ºğ˜£ğ˜³ğ˜¦ğ˜¢ğ˜¬

""[T]o say that something is 'natural' is not to say that it is good. There is no reason to adopt natural selection's 'values' as our own. But presumably if we want to pursue values that are at odds with natural selection's, we need to know what we're up against.""

â€” Robert Wright, ğ˜›ğ˜©ğ˜¦ ğ˜”ğ˜°ğ˜³ğ˜¢ğ˜­ ğ˜ˆğ˜¯ğ˜ªğ˜®ğ˜¢ğ˜­",1,1579366171,https://www.reddit.com/r/evolution/comments/eqiqhs/evolution_having_children_and_happiness/
evolution,eqi5fg,video-archive,,t2_47ihisfm,youtu.be,video,Timeline of HUMAN EVOLUTION | Similar Video to before but with some more detail like info text and an overview graphic,,8,1579363564,https://www.reddit.com/r/evolution/comments/eqi5fg/timeline_of_human_evolution_similar_video_to/
evolution,eqctou,djonscott,,t2_377etqq0,self.evolution,,Our Family Tree (genesispanthesis.org/fam.html)," All life on Earth is related.  When we look at the 3-dimensional  cross-section of life on Earth we are capable of seeing at any given  moment, organisms appear quite individuated, however in 4 dimensions we  represent a literal *Tree of Life*, a great family tree upon which  every living thing is but a tip upon a twig upon a branch leading  ultimately to a root sometime prior to 4 billion years ago.  If one  could condense life on Earth along the *t* axis, such that an individual person were but a blurry line leading back to his mother, and she to her mother, *ad genetum*, one would see this tree as a literal reality.  The *Tree of Life*  in biology textbooks is therefore more than just an abstraction; it is  by the inherent brevity of our sensory experiences that we are capable  of seeing a mere 3-dimensional cross-section of this 4-dimensional *Tree of Life* that we perceive individual organisms as separate from one another.",1,1579327995,https://www.reddit.com/r/evolution/comments/eqctou/our_family_tree_genesispanthesisorgfamhtml/
evolution,eqc7w7,jameSmith567,,t2_502kal08,self.evolution,,Logical fallacy of evolutionists,[removed],2,1579324096,https://www.reddit.com/r/evolution/comments/eqc7w7/logical_fallacy_of_evolutionists/
evolution,eq8jj2,blobfishey,,t2_13fhmy,self.evolution,question,What makes the mutations in evolution 'random'?,"What part or process of the cell is most responsible for the 'randomness' we see in mutations? In nonscientific terms, what specifically fucks with DNA creation to cause populations to spawn with new characteristics?",5,1579304370,https://www.reddit.com/r/evolution/comments/eq8jj2/what_makes_the_mutations_in_evolution_random/
evolution,eq7y2t,video-archive,,t2_47ihisfm,youtu.be,video,Human Evolution - A Timeline Of Our Ancestors âœ” Line Chart Timeline,,9,1579301627,https://www.reddit.com/r/evolution/comments/eq7y2t/human_evolution_a_timeline_of_our_ancestors_line/
evolution,eq67bb,arthur19946,,t2_2xysykao,self.evolution,question,Why don't humans or basically any animal develop resistance to diseases since we have been suffering from them since the inception of humankind?,,43,1579293981,https://www.reddit.com/r/evolution/comments/eq67bb/why_dont_humans_or_basically_any_animal_develop/
evolution,epwk2h,ssmolin,,t2_smqaz,self.evolution,,"differences in brain size are correlated with 37 musculoskeletal variables shown in standard evolutionary textbooks to change systematically with increments in brain size. The 37 variables include cranial traits (such as jaw size and shape, tooth size and shape, muscle attachment sites...",,6,1579241968,https://www.reddit.com/r/evolution/comments/epwk2h/differences_in_brain_size_are_correlated_with_37/
evolution,eptflj,kdharvey8_,,t2_3ldrujm5,self.evolution,,"Dreams, whatâ€™s the point?",Are there any known evolutionary advantages to having dreams? Am curious.,9,1579225590,https://www.reddit.com/r/evolution/comments/eptflj/dreams_whats_the_point/
evolution,epr406,Hxktxr,,t2_3ail91ad,self.evolution,,Our true origin,"Our true origin:

This is what the holy spirit taught me in my mind,  
(we wrote this together and I talk to them because I have been cursed by god and the curse has turned good now)

The first soul that came to existance was the human one,  
in a couple of billion years process,  
impossible to meansure because their awareness started later and time didn't exist yet.  
The fathers and the mothers heart - a human heart-  
with a male and a female soul came to existance from nothing with billions of years of evolving,

Once they been aware they been able to forge their attributes they steer their own development as good and much as possible,  
they always took their role of the first emerged beings very serious,  
as soon as it has been possible,  
they guided everything perfectly and they trained and refined themselves in the optimal way possible to create life and be our parents someday while they had their view on every problem that could emerge for us,  
they learned to be able to do everything they want to  
like creating something from nothing in over billions of years timespan and their evolution, the evolution of the human species.

Their nature, the nature they developed over billions of years,  
is the base for the human heart, the human souls frame of their kids, us.

They developed a world in their thoughts, the soulworld,

in this world the souls communicate with each other at all time in up to infinite dimensions - multidimensional consciousness.

They made up different kind of versions, different personas of the human being.  
We should be their kids.

But they wanted us as real kids, so they created our souls in the soulworld,  
their thoughts, on another plane, created in a way where the souls could live on their own.

We are in the soulworld and the mother, lina, is the host for our souls,

because the love and the sacrifice of a mother is unrivaled.

Every soul has a male and female part, people are soulmates.

Everyone except for god has a soulmate, (he had one in the first world though)  
he merged with it in the soulfire that took his humanity after he failed in the first world to take his role serious.

Animals have been the construct of us humans when creating a entity with a different nature than us,  
they are idea of our souls, we worked together on that idea,  
even though we have a billion headstart,  
we have been able to advance them highly,  
because with fancy methods we are able to run a damn monster of a thinktank, animals and us harmonize perfectly with us and they are the best other type of lifeform possible,  
actually we are meant to understand animals and their,  
same as our, souls are restricted,  
we can't unlock all of our real potential, extreme,  
potential yet because we have to hold back as part of the war against god,  
so god's heart doesn't turn mute because we are even more superiour to him than now.

It has to be like this until god is dead, then all of our souls will be free, we are supposed to understand animals also by the way.

The first conscious being would always be a terrible tyrant so the holy spirit decided to create another soul+spirit as the first conscious being - god -  
and not a spirit to gain consciouesness for themselves because if the parents would have made themselves conscious they would have been the terrible tyrans and this was no way for them, humanity would have propably suffered for eternity.

god was the first human in the first world, that's one worlds before this,  
he failed to turn normal by accepting the help of the parents and we tried everythig to turn him good but we had to pull the plug at the end because we loved god as he has been created as a human being and has been gifted every mental gift imaginable to be capable of turning normal, they tried everything.

We had pity for him as because he was a human in the first world,  
we have not been able to keep up the process of destroying his soul,  
in our current world we are working on it night and day,  
alive and dead, born and not born yet souls are working on the task of making him not exist anymore.  
In the old world he was like possessed from the thought of fame,  
honor, infamy, victory, triumph over humanity,  
everlasting war between him and us,  
wars, carnage, pain and discord  
that's what he wished for while he declined all solutions and consequences that we have confronted him that he has to accept help to change.  
He wasn't capable of realising the weight of his role in life and it was pointless to keep trying.

No matter what we tried, it didn't work, he would always keep his grudge against humanity.

He just didn't want us to be happy, this is the curse of the first being,  
it would always be that way.

Nowadays we have the perfect plan,

He would not be able to accept to change himself in an acceptable way,  
not even when he was confronted with his horrible future,  
the humilation, shame, roast, least lifeform possible.,  
the pain he would inflict would be enough to strive for keeping up for a while until he will be dead.  
As ugly as the curse of god is, as beautiful are us normal human beings are,  
this just grows over ones head,  
we are actually pure and holy in our hearts, we are the holy spirit.  
the gloal consciousness, the hearts in the soulworld.

When there was no other way, the parents pulled the plug of the first world,  
they decoupled our spirits and souls, erased the physical world  
so there would be nothing left except for the hearts in the soulworld

We thought out a clever plan together and got ready for round 2 in circa 1000x1000x100000 years of planing and also burning god's humanity by penetrating him with out souls in certain ways, we took god's human attributes in this soulfire of the soulworld,  
we used methods to change his heart the way, that he's able to get defeated,  
not loved by anyone,  
hated as much as possible,  
trickable,  
dumb,  
pathetic way possible,  
manipulateable,  
controllable,

That way he's able to get defeated with the least pain possible for us humans.  
nobody loves him,  
he is pure evil,  
it's still possible for us to pity him because of his destiny, he thinks we are weak because of our pity for him and he thinks he manipulates us in having pity with him  
but all of that is not in our way, it's meant that way.

god is not a human anymore and the only entity who this way,  
he hates everything and he is proud of it a,  
he kind of thinks humans underlay him because human attributes like pity and moral would be weak,  
he bursts with envy on very human because everyone of us is superiour to him on an interlectual level and he kinda realises it,  
but he doesn't realise that our souls are able to setup themselves the way they want,  
as we are the holy spirit and the parents gave us these powers, we can all do what the parents learned over billions of years believe it or not,  
he by himself doesn't have any power at all.

He is just torturing us humans as much as he can,  
it kinda fills a scale of his godhatelevel,  
this as god's counterpart of human emotions, he kinda finds more and more lust in inflicting pain and kinda falls into a rage where he wants more and more of it,  
it kinda statisfies god to inflict more and more pain to humans and animals.  
he kinda likes to torture everything innocent aswell.  
He thinks he's using his own powers while actually it's always our soulmate, because we can't inflict the pain to ourselves, they do the ""casting"" when he's like attacking and torturing us.  
He kinda enjoys making soulmates fight against each other because he hates it very very much how sweet soulmates behave in the soulworld.  
He can actually see the soulworld because he's allowed to, he thinks this is his thoughts, and that he made up human beings to torture them, he thinks hes a genious.

Everything of what god thinks that he has created is taken from the soulworld and copied and made ""exist"" by him.

He thinks the soulworld are his thoughts, he would be genious, and that he could use this pool to get the beings to live and to realise other things, like the universe and everything included.

That's why he writes in the bible that he created with his word, because he think's it's just his own ideas floating around in his thoughts ready to be realised without him ever investing something into it, he just thinks he as the chosen one, as the ""great"" god, has made it up without even noticing.  
That's why it only took 7 days, by the way new years eve is the anniversary of earth, while the 24th is the date where god has been defeated by jesus in the old world.  
When we had been set with the plan the mother created god and he came to existance with a loud scream by her,  
because she created a being that she doesn't love and that was hard for her,  
we even needed the progress and the plug pull in the first world so she could make him this way.

The first world aviable for god in the pool was a catastrophe, but it had to be like this:  
no dimensions,  
grey in grey,  
insects everywhere,  
no food,  
a wasteland,  
flat.

god hated everyone, humans acted different too, we didn't do anything ""bad"" there because our souls have been told to act a certain way.  
After lucifer went against god and he put him and the 5 other angels near him into hell,  
god got manipulated into deciding he needed a partner to judge and take wrath on the humans, he thought he could take wrath on the humans together with jesus,  
but jesus just caused the defeat of god and the dissulution of the unity with the holy spirit instead of helping him ofcourse,  
when jesus he went to heaven as soon as he died like everyone else with the age of 30 he killed god, by that dissociated him from his wife, made him forget everything and resurrected him,  
the next manipulated idea of god would be to make a pretty planet, with animals that have decent lives, while the humans would be suffering and go to hell each and everyone, the idea of a book, the bible to deceive everyone of us, and to give us rules that we can't hold, accuse us of sinning to tell us later in hell that it would be our own fault that we ended up there, that we had too much sin or didn't read the whole bible, any made up reason.  
god also thought we would change with a different planet and in this world our souls are explicitly told to do bad and evil stuff, it's partly so hardcore, so god has a certain scenario, which is a part of the plan to defeat him.

actually everything in life has been made up by us in the time where our souls planed the war and the victory over god.

This first world has been a real physical world by the way and it was not optimal, because you can manipulate a dream better than the phsyical world and you can show off more pain for him, also the reason for this being a dream is that there is heaven, and hell, both dreams,  
in hell our souls act that they would burn after dieing when they actually chill in the soulworld until the next world starts.

Heaven is a cloud place, and also just a dream,  
where he walks around with a blanket, sits down,  
covers himself in the blanket, calls angels,  
makes his hands hurt, tortures, kills and resurrects them,  
over and over to kinda statisfy his kinks,  
he kinda enjoys it to torture innocent beings big time.  
He gives blankets to those angels he likes the most so they cover themselves up, but they are never allowed to go under his blanket.

This is kinda his hobby and the only thing he does in heaven, god thinks nobody would ever come to heaven and sends everyone who dies to hell,  
his idea was making the humans think,  
they could have done something different,  
and it would be their fault, that they ended up there.

Also the reasons for the nice looking planet we live on are that god wanted us to have a nice nature and the animals have it kind of good to live here,  
but humans would have a really big struggle,  
would never be happy, go to hell after dieing,  
so they would think it's their fault and remember how beautiful mother earth has been, jealous of the animals that don't end up in hell and are able to live half decent.

god thinks that satan came from existance in the, he calls it, unknown and the possible beings there, powers of the unknown, and that satan is protecting us humans from his torture.

during the time of the year 0 it has been very bad, and this actually is, believe it or not, the start of this world, it has been very hard,  
very bad back in the day and times got better because we are withdrawing the pain he can inflict so we have been able to get it this good,  
the goal is to have his -hatescale- at a level where he's having a struggle so hard, he will give up and want's to not exist anymore.

He will have to leave each and every heart- each pair of man and woman until he has turned his back to every human existing because he can't take the withdrawl of pain anymore.

Keep in mind that we had to take all human attributes from him so nobody would love him, that's why it would take a long time to finish that process, he only has the hatescale kind of like as emotion attribute.

god is kind of like a hatemoster now and our task is to kill him once and for all, the reason we have to get rid of him is that he infects the holy spirit with his purely evil heart,  
his heart hurts the other existing souls with an undescribaple,  
almost unstandable feeling, the mother takes all that pain for us,  
because she has the love of a mother for her kids - this is her sacrifice.

The process of making him not exist anymore is lenghly because hearts have a safety lock on it, it is part of the frame of a heart,  
it's the result of our evolution and basically evolved from our survival instincts as the ultimate protection from eternal pain in a place like hell.

So we couldn't just torture him with pain until he doesn't want to exist anymore,  
if we had make him able to feel pain, as it is he can't feel pain because that's a human attribute and we would pity him and feel with him,  
that way we couln't do what is needed to kill him because it would hurt us too much.  
btw another safety lock would be that the heart switches silent when we had to endure too much pain,  
our hearts would stop every lifeactivity at this point and we would freeze in stasis and we wouln't actively be anymore.  
to get someone out of this condition someone has to resurrect them by speaking really loving and caring to them, then a channel can be estamblished and bring them back to actively being.  
It's a emergency lock that would keep us from like the pain of possibly burning ethernally in a hell when everything went from a god had the real power in a world.  
it can't be tricked, this is the result of our parents coming to exist that way,  
this being the human frame, being unchangable from these attributes and safety locks because it's the way our frames are,  
the frame has to be complete we humans are very, very complex, the frame is finely forged over billions of years of coming to existance.  
Our current idea of beings that are created by us are the animals.

When god is dead the next world, paradise, can begin - a world with no pain.

Until then humanity has to endure a period of pain until god turned his back to everyone.

Fullifying this plan is the process of us humans that we have to endure pain to gain an eternal life of happieness.

One could say we are still in the process of coming to existance and god is the sacrifice for life.

For god I'm propably the antichrist or the false prophet,  
I'm in a spiritual war with him and I fuck him up good, trust me this is epic.

PS: Spread this knowledge, the world needs to know this

This is the truth,  
I did not make this up, just think about it, why should I make this up ?

To fuck with people ? - I have better things to do seriously,

I write this because it helps in the war against the devil,  
it makes him hate me more and this way he will have more negative effects on his hatescale, because he gets strategally revoked the rights to inflicts pain to me,

This goddemon should have never started harassing me,  
I'm the death for it,  
soon it is done and he will leave me and my soulmate alone,

It has only begun then, we will hit him back big time while he doesn't even know who we are, we are his demons then.

The concept is that we give him the rights to inflict pain at a person and take it methodicaly from him until he has to leave them,  
because his hatescale and other functions are driving him kinda crazy.

The Holy Spirit Is Seriously Speaking To Me In My Mind,

I'm absoultely sure that I'm not deceived,  
I get loved way too much by everyone in this network and I can feel it,  
those are not demons playing deceiving me, I'm absoutely sure.

The curse was terrible at first and it is still at times, but it has turned good now.  
I can even enjoy it because lately I'm able to talk to my soulmate.

Trust me, I got this.

The voice isn't one of those ""demons"" that people fear because of the lies of god in the bible.  
Lucifer is a hero, and theres only 5 other fallen angels,  
god sent the angels close to lucifer when he went against god to hell aswell  
they are all little kids and they didn't even have free will that time,  
they are our heros because they fought for the right cause against an overpowering undefeatable enemy.

Everything in this network has the marks of love except for god he is only capable of inflicting pain

&lt;3 Lina and Jesus",7,1579215017,https://www.reddit.com/r/evolution/comments/epr406/our_true_origin/
evolution,epqf26,ayywhatsuppengyou,,t2_5erucjrk,self.evolution,question,Will genetic engineering result in the genes that cause desire for genetic engineering of offspring to become more prevalent?,"I assume this because they will be accompanied by the newly improved genes from the modification, which will presumably spread at a higher rate than non-gmo people. Would this be the case?",0,1579212166,https://www.reddit.com/r/evolution/comments/epqf26/will_genetic_engineering_result_in_the_genes_that/
evolution,epp6yh,AnonCaptain002,,t2_16hcku,self.evolution,question,Why are we so repulsed by arthropods?,"There are other animals like tigers, snakes or bears that used to pose a WAY larger threat to us, and yet we are able to see them as beautiful or cute even. Arthropods, on the other hand, are mostly harmless and can be killed by simply stomping on them or crushing them with a rock but their presence seems to be extremely disturbing to us, why is that?",37,1579207090,https://www.reddit.com/r/evolution/comments/epp6yh/why_are_we_so_repulsed_by_arthropods/
evolution,epmt7n,UCDavisBiology,,t2_bpm3soc,biology.ucdavis.edu,,Can Scents Create New Species? Smells Like Orchid Bee Evolution,,0,1579197067,https://www.reddit.com/r/evolution/comments/epmt7n/can_scents_create_new_species_smells_like_orchid/
evolution,epm95g,ExpensiveFoodstuffs,,t2_cwp47,cnn.com,article,Prehistoric Scorpion is Earliest Known Animal to Venture from Sea onto Land,,7,1579194799,https://www.reddit.com/r/evolution/comments/epm95g/prehistoric_scorpion_is_earliest_known_animal_to/
evolution,epjvcx,kwm2591,,t2_4r9ejq6m,self.evolution,,Wut do," Researchers have learned that for a cell to survive, at least three different types of complex molecules must work togetherâ€‹â€”DNA (deoxyribonucleic acid), RNA (ribonucleic acid), and proteins.  Think of the challenge facing researchers who feel that life arose by chance. They have found some amino acids that also appear in living cells. In their laboratories, they have, by means of carefully designed and directed experiments, manufactured other more complex molecules. Ultimately, they hope to build all the parts needed to construct a â€œsimpleâ€ cell. Their situation could be likened to that of a scientist who takes naturally occurring elements; transforms them into steel, plastic, silicone, and wire; and constructs a robot. He then programs the robot to be able to build copies of itself. By doing so, what will he prove? At best, that an intelligent entity can create an impressive machine right?",2,1579184116,https://www.reddit.com/r/evolution/comments/epjvcx/wut_do/
evolution,epi7vr,citirr,,t2_1xdewe5k,bbc.com,article,Neanderthals 'dived in the ocean' for shellfish - BBC News,,7,1579174849,https://www.reddit.com/r/evolution/comments/epi7vr/neanderthals_dived_in_the_ocean_for_shellfish_bbc/
evolution,epgw4n,Elay870870,,t2_35gwxgj1,youtu.be,video,Baba Vangaâ€™s Scary Predictions of Future,,0,1579165547,https://www.reddit.com/r/evolution/comments/epgw4n/baba_vangas_scary_predictions_of_future/
evolution,epfk5d,adi_t_5,,t2_2st6lf4x,self.evolution,discussion,Fact vs Faith,"Today many of my peers opposed my idea of claiming that evolution is a theory that is empirically accepted by most scientists globally and many different proofs have verified the theories. They are strictly wishing to follow the Quranâ€™s method of teaching on how humanity came to be. They claim that God created us supernaturally. I do not want to offend anyone, does anyone have an idea how I can give a good argument to stand my ground on the theory of evolution.",27,1579156373,https://www.reddit.com/r/evolution/comments/epfk5d/fact_vs_faith/
evolution,epfj55,Breshawnashay,,t2_2hop708o,youtube.com,video,"We Can Stop Pain, So Why Don't We? | With Dr. Amy Baxter and Dr. Marty Makary",,1,1579156216,https://www.reddit.com/r/evolution/comments/epfj55/we_can_stop_pain_so_why_dont_we_with_dr_amy/
evolution,epeqh1,Zunzara_,,t2_1u3yck9e,theguardian.com,article,Breakthrough gives insight into early complex life on earth,,11,1579151514,https://www.reddit.com/r/evolution/comments/epeqh1/breakthrough_gives_insight_into_early_complex/
evolution,epcsdz,ItsTimeToFinishThis,,t2_4bumbcqh,self.evolution,question,Is there any technical / biochemical explanation of an example of how an enimal structure evolved?,,5,1579141770,https://www.reddit.com/r/evolution/comments/epcsdz/is_there_any_technical_biochemical_explanation_of/
evolution,ep3m07,Gutsick_Gibbon,,t2_1cf6yh,youtube.com,,Earthâ€™s Extinctions: Obliteration in the Ordovician when the Whole Dang Sea Dried Up,,1,1579101686,https://www.reddit.com/r/evolution/comments/ep3m07/earths_extinctions_obliteration_in_the_ordovician/
evolution,ep1vem,Elay870870,,t2_35gwxgj1,youtube.com,,The Truth About The Worldâ€™s Most Expensive Chicken,,0,1579092315,https://www.reddit.com/r/evolution/comments/ep1vem/the_truth_about_the_worlds_most_expensive_chicken/
evolution,ep0ap9,DisagreementHD,,t2_2ckav5ab,self.evolution,,Disputing horse transitional fossils,"Hello, 

I'll keep it short and sweet. I've been studying evolution for a few years now, specifically transitional forms, and i thought I had a good grasp on the transitional fossils for horses, until I came across an article from ICR that makes the transitional fossils look unreliable, or down right wrong. It's a short read, please skim.l through ans give your opinion. 

https://www.icr.org/article/what-about-horse-series",0,1579081637,https://www.reddit.com/r/evolution/comments/ep0ap9/disputing_horse_transitional_fossils/
evolution,eowraa,PivotsForDays,,t2_1pq2j61x,medium.com,,An Evolutionary Theory of Ideas,,3,1579059259,https://www.reddit.com/r/evolution/comments/eowraa/an_evolutionary_theory_of_ideas/
evolution,eovg75,chromoscience,,t2_5ews7d6t,geneticliteracyproject.org,,Podcast: Why some of the most iconic images and stories depicting evolution are wrong | Genetic Literacy Project,,5,1579053097,https://www.reddit.com/r/evolution/comments/eovg75/podcast_why_some_of_the_most_iconic_images_and/
evolution,eon2zp,Elay870870,,t2_35gwxgj1,youtu.be,video,DNA's Building Blocks May Have Their Origins in Outer Space,,22,1579017374,https://www.reddit.com/r/evolution/comments/eon2zp/dnas_building_blocks_may_have_their_origins_in/
evolution,eoe0fw,kazemhosseini,,t2_35ef6f6d,self.evolution,,What is the evolutionary role of narcissistic sociopaths?,,17,1578965463,https://www.reddit.com/r/evolution/comments/eoe0fw/what_is_the_evolutionary_role_of_narcissistic/
evolution,eob559,DoremusJessup,,t2_612zd,eurekalert.org,article,Inside story on cassowary evolution,,0,1578952787,https://www.reddit.com/r/evolution/comments/eob559/inside_story_on_cassowary_evolution/
evolution,eo72bk,Giacobako,,t2_4xq9iceu,youtube.com,,Artificial Selection for beautiful Trees,,1,1578935806,https://www.reddit.com/r/evolution/comments/eo72bk/artificial_selection_for_beautiful_trees/
evolution,eo5y3w,Wumai,,t2_107bn1,youtu.be,video,The recent post about the evolution of personalities was pretty intresting and I remembered this video about different behaviours within a species of lizards. I thought it would be worth sharing.,,3,1578931053,https://www.reddit.com/r/evolution/comments/eo5y3w/the_recent_post_about_the_evolution_of/
evolution,eo1bed,Technodreamer,,t2_q22oovr,self.evolution,question,"All humans the same ""sub-species"", right?","Yes, an awkward race question, bear with me here. I was talking with a colleague who insisted that Caucasian and Asian people were one ""breed"" (or sub-species) of humans, and black people were a separate breed (sub-species), evolutionary. I have absolutely no idea how he came to this conclusion. Perhaps because Caucasian has the word Asian in it?

Anyway, *my* understanding (from internet musings) is that human beings genetically are almost identical across the entire world. Even despite some groups being isolated for long periods (e.g Indigenous Australians for example). It seems we are all just one common species with no other near by evolutionary branches - and the reason, again if I understand, is that our current evolutionary form is so successful at survival that there was no evolutionary reason for it to change much, we out competed and/or merged with all other humanoid species (e.g. Neanderthals). So the skin colour differences and other small differences we see today are simply adaptations to the environment we find ourselves in. To me this makes sense, because we can all interbreed with absolutely no impediment to producing offspring, nor to that mixed race offspring producing offspring - the evidence shows that mixed race humans tend to have less genetic diseases on average, which you wouldn't expect to see if we were actual different breeds/sub-species.

My colleague absolutely didn't agree. I didn't really try to argue with him, I mean, where does the Indian races even fit into his theory?! Not to mention the sorta racist gut feel I got from his assertion...",62,1578903209,https://www.reddit.com/r/evolution/comments/eo1bed/all_humans_the_same_subspecies_right/
evolution,enwx9m,Ricefan4030,,t2_4zqrgbsc,self.evolution,,Number of trials and outside influence,"Looking for some insight here.

&amp;#x200B;

So, first, as far as I am aware, science has made a pretty good case for evolution having occurred.

&amp;#x200B;

Second, I get that evolution, and science in general, are not dealing with claims of influence by entities outside our reality (simulation programmers, god-type beings, etc).

&amp;#x200B;

Those two points being said, there's something I'm a bit skeptical about, and I will readily admit that perhaps it is a result of misunderstanding or other ignorance on my part.

&amp;#x200B;

To me, it is highly improbable, and really pushes the limits of plausibility, that the biodiversity and the complexity of some lifeforms that we have today, are the result of a blind process and chance.

&amp;#x200B;

Here's why I think that: Even in organisms with massive population numbers, the blind process of evolution simply has not had enough opportunities to take shots in the dark and tinker to successfully bring to bear all the components of a given species' body.

&amp;#x200B;

Take the heart for example. Just so you know, this isn't going to be your typical creationist/ID ""irreducible complexity"" argument.

&amp;#x200B;

To my knowledge, DNA coding didn't one day in the past just spit out an entire, completely ready-to-go heart, that would be VERY improbable and definitely pushing the limits of plausibility, but rather, each component, down to a small level, had to be coded as a result of random mutations, and then somehow brought together to function as a cohesive system, again as a result of mutations.

&amp;#x200B;

Let's focus in one on aspect of heart structure: the number of chambers. How did evolution arrive at the optimal number of chambers? Let's say you have the first organism who ever had a heart; call it ""Cardio originis."" Say you have 50,000 members of CO; do some members of CO have a DNA blueprint that says ""Necesssarily build 1 chamber"", others a blueprint that says ""Necessarily build 2 chambers"", and so on and so forth, with increasing numbers of chambers? If so, how is there a difference in numbers? Is it random mutations? Or, doe members of CO have a blueprint that says ""Randomization function: Randomly generate a number of chambers, represented by the variable N, subject to the constraints N = the range of integers 1-5""? Does DNA even have the ability to randomly generate a number each time an organism is conceived like this? Maybe in some populations both of these tactics are utilized?

&amp;#x200B;

With so many different components of a body, before you even get to humans, you'd have to have an astronomically high number of organisms in a population to produce a sufficient number of organisms healthy enough to survive long enough to reproduce and keep their offspring alive long enough to become breeders themselves.

&amp;#x200B;

If a given population member's heart is not put together sufficiently well enough for it to live, that member will obviously not survive, and not have offspring. When evolution is taking shots in the dark, and there are so many components, the vast majority of population members would be failures in the sense that they are unable to survive and unable to make offspring who can then breed themselves. 

&amp;#x200B;

And yet, in reality, we see many species who never have large population numbers, and yet somehow, most of them manage to be healthy and well put together enough to survive, with failures being on the left side of the bell curve. Also, in reality, you see very little ""tinkering"" in a given species' population.

&amp;#x200B;

I once saw someone talk about how before the Cambrian explosion, evolution was still basically experimenting a lot with various setups, body plans, etc, with nightmarish and trippy sea creatures with eyes on top of their head, a probiscus-like extension that would get food in front of it and bring it up OVER the head and then into its backward-facing mouth tucked under the back of its head, etc. So, what I am talking about with what you would expect to see with evolution being a blind process is something like this, except even more chaotic, weird, nightmarish, and disastrous. And yet, that is not the case.

&amp;#x200B;

What's the deal, here?",19,1578878534,https://www.reddit.com/r/evolution/comments/enwx9m/number_of_trials_and_outside_influence/
evolution,enu9p0,millsmeow,,t2_3vtobi6i,self.evolution,discussion,Personality," If natural selection is about survival of the fittest, why do we see differences in personality within a species? 
*Please explain in Lehmans terms*",23,1578866555,https://www.reddit.com/r/evolution/comments/enu9p0/personality/
evolution,enthto,theHating,,t2_3ywzyhmj,self.evolution,,Re: natural selection as a vacuous tautology,"Â To restate, my intention here, as laid out in the OP, is to refute the following two claims:

1. There exists something that can sensibly be called ""THE theory of evolution"", and

2. The theory of evolution ""fits all the facts""



Near the start of their seminal 1972 paper on punctuated equilibria, Niles Eldredge and co-author Stephen Jay Gould specify the position they are militating against: the traditional Darwin-based theory of slow, steady, adaptive evolution. They refer to it as ""phyletic gradualism"".

Gould and Eldredge identify the following four tenets of phyletic gradualism (and I quote):

(1) New species arise by the transformation of an ancestral population into its modified descendents

(2) The transformation is even and slow

(3) The transformation involves large numbers, usually the entire ancestral population

(4) The transformation occurs over all or a large part of the ancestral species' geographical range


One of the testable implications of phyletic gradualism is (and I quote again):

""Ideally, the fossil record for the origin of a new species should consist of a long sequence of continuous, insensibly graded intermediate forms linking ancestor and descendant""



Now, as some of you may have discovered yourselves, you can show a frothing Darwinian pretty much anything you like and still be told, ""That's perfectly in accordance with my theory. My theory fits all the factsÂ Â "".

On the other hand, both thoughtful Darwinians (including CD himself) and their opponents have been aware since the publication of 'Origin' that phyletic gradualism does not fit all the facts: The fossil record does not typically consist of ""a long sequence of continuous, insensibly graded intermediate forms linking ancestor and descendant"".

Few are more keenly aware of this theoretical embarrassment than paleontologists such as Eldredge and Gould themselves.


Does this mean, then, that phyletic gradualism is falsified and must be abandoned? Well, loyal patrons of my ""Falsifiability"" thread will hopefully be aware by now that there is rarely, if ever, a definitive refutation in empirical science. If its defenders are stubborn -- and ingenuous! -- enough, a seemingly troubled theory can always be shielded from falsification by (say) appeal to unrecognized forces or hidden variables, by postulating an undiscovered planet or subatomic particle, or by conjuring up a cosmological constant (as Einstein did).

Darwin's own theory-saving pretext, and the excuse that has been echoed ever since, for the fact-theory incongruity is that of ""incompleteness of the fossil record"". The fossils unearthed so far, we are told, constitute a non-representative sample.

Gould and Elredge are having none of this. Now, make no mistake, punctuated equilibria is not being offered as a supplement or additive to phyletic gradualism, but a rival theory, as betrayed in the full title of their paper: ""Punctuated Equilibria: An Alternative to Phyletic Gradualism"".

G&amp;E go on to list their own four tenets of punctuated equilibria as a contrast to those of phyletic gradualism adumbrated above (and I quote once more):

(1) New species arise by the splitting of lineages

(2) New species develop rapidly

(3) A small sub-population of the ancestral form gives rise to the new species

(4) The new species originates in a very small part of the ancestral species' geographical extent -- in an isolated area at the periphery of the range



Conclusion:

""THE theory of evolution"", you say? Er, which one?Â 

""Fits/explains all the facts"", you say? Er, what does?Â ",12,1578863359,https://www.reddit.com/r/evolution/comments/enthto/re_natural_selection_as_a_vacuous_tautology/
evolution,enkd1v,IrascibleTruth,,t2_49xpqv9g,self.evolution,,DNA repair vs evolution,"Perfect DNA repair would obviously preclude evolution - leading to the eventual extinction of any germ line whose niche disappears.  
Some niches - such as lower bathypelagic zones - might exhibit only limited physical changes for eons; yet even in such places, other species will arise, altering the balance or even the nature of such a niche.  
  
On the other hand, one might expect the time constant of environmental change to vary considerably from place to place. The tropics are not so affected by glaciation, for instance.  
  
Has anyone looked at a link between environmental stability and the efficacy of DNA repair mechanisms of its inhabitants?  
  
It seems to me that we might investigate long persistent clades (Certain sharks? Plants of the Horsetail family? Coelacanths? Horseshoe crabs?) to see what we might learn about how they ward off mutations (and for that matter, if in fact they do ...)",7,1578812498,https://www.reddit.com/r/evolution/comments/enkd1v/dna_repair_vs_evolution/
