subreddit,id,author,author_flair_text,author_fullname,domain,link_flair_text,title,selftext,num_comments,created_utc,full_link,comment
evolution,evf5pp,FernBully,,t2_s1vp6,self.evolution,,"term,,selection,pressure,","see,people,use,term,lot,,professor,would,give,written,feedback,papers,use,term,,,,selection,,,would,say,,overly,wordy,would,say,,seemed,like,pet,peeve,,felt,redundant,phrase,,selection,,,respect,professor,great,writer,well,evolutionary,biologist,,written,books,carl,zimmer,,,dropped,phrase,lexicon,,question,,see,knowledgeable,people,use,phrase,time,,,,anyone,opinion,,selection,pressure,,",8,1580259743,https://www.reddit.com/r/evolution/comments/evf5pp/the_term_selection_pressure/,"thinking,,tend,use,word,,pressure,,context,,evolutionary,pressure,,,selection,one,pressure,,decision,ever,consciously,made,,kind,way,writing,speaking,evolution,developed,sounds,like,oversaturated,phrase,going,way,make,life,little,easier,,humored,,think,big,deal,making,real,world,lexicon,,use,,replaced,words,like,biological,,physiological,biologic,physiologic,discussions,professor,respected,,many,people,caretend,use,want,imply,cause,selection,tends,leads,away,certain,alleles,,,,example,prey,uses,running,away,protect,predators,selection,pressure,stay,fast,nimble,,mutations,slow,prey,selected,"
evolution,evbn98,ayywhatsuppengyou,,t2_5erucjrk,self.evolution,,"reason,kids,like,dinosaurs,garbage,collectors","listening,podcast,earlier,,hello,internet,,,,,,,,,hosts,discussing,young,children,,mainly,young,boys,,,fascination,dinosaurs,garbagemen,,many,experience,early,life,,one,hosts,came,idea,garbage,trucks,trigger,something,evolutionary,brains,identifying,large,animals,environment,early,age,,common,dinosaur,obsession,another,example,type,instinct,,,know,pretty,,r,evolution,think,theory,",2,1580245710,https://www.reddit.com/r/evolution/comments/evbn98/the_reason_kids_like_dinosaurs_and_garbage/,"sounds,like,yet,another,standard,evolutionary,story,"
evolution,ev89ja,readyten,,t2_5jeryqh8,self.evolution,question,"exactly,evolution,happen,","consensus,mutations,happen,needed,adapt,environment,,,work,,bird,example,needs,longer,beak,reach,worms,tree,hole,,body,able,,understand,,specific,need,elongating,beak,somehow,store,info,inject,dna,,almost,atoms,sentient,something,",9,1580231527,https://www.reddit.com/r/evolution/comments/ev89ja/why_does_exactly_evolution_happen/,",gt,happen,needed,,actually,happen,randomly,gametes,,,builds,diversity,population,time,,,,gt,body,able,,understand,,,,,birds,longer,beaks,likely,survive,pass,trait,offspring,case,,,successive,generation,,shorter,shorter,beaked,individuals,less,represented,population,,,time,,simultaneous,process,increasing,diversity,differential,survival,reproduction,results,shaping,representative,population,,,oversimplified,version,,nutshell,,adaptive,evolution,takes,place,,gt,,consensus,mutations,happen,needed,adapt,environment,,,,happens,,mutations,happen,,organism,mutation,lives,long,enough,reproduce,,offspring,inherit,mutation,simply,put,,every,characteristic,distribution,average,spread,,say,beak,length,,,cm,,,,,,,,spread,,always,birds,beak,,,,,cm,,,,,cm,,,longer,beak,beneficial,,,,,,cm,beak,become,new,norm,,importantly,,new,average,,simply,birds,,,,,cm,beak,breed,survive,successfully,others,,,,,,,,,,,,spread,go,away,,certain,point,,average,,,,,spread,,,,,,longer,beak,still,beneficial,,average,move,,spread,,continues,becomes,self,limiting,,basically,average,becomes,optimum,beneficial,mutations,happen,,sorts,mutations,happen,,birds,born,shorter,beaks,sometimes,longer,beaks,times,,,longer,beaks,reach,worms,deeper,tree,hole,beneficial,ones,happen,born,longer,beaks,get,worms,,allowing,survive,longer,produce,offspring,,inherit,long,beak,mutation,,birds,shorter,beaks,get,many,worms,,short,beak,mutations,tend,go,extinct,,natural,selection,,,adaptation,combined,process,random,mutations,followed,natural,selection,like,,,,evolution,sometimes,complex,adaptation,though,,short,beaked,birds,happened,born,forest,lot,worms,overall,,even,though,could,gotten,,even,,long,beaks,,might,still,get,long,beak,birds,forest,fewer,worms,,make,short,beak,mutation,spread,long,beak,mutation,even,though,,adaptive,,,luck,living,forest,lot,worms,,kind,evolution,called,genetic,drift,,,,conditions,met,evolution,natural,selection,happen,,,first,,needs,variation,trait,,example,beak,size,,meaning,even,birds,within,species,differ,slightly,long,beaks,,,,second,,trait,heritable,,meaning,parents,slightly,longer,beaks,also,offspring,slightly,longer,beaks,,,third,,differences,trait,result,fitness,differences,,,going,back,example,,population,birds,slightly,longer,beaks,others,,variation,,able,eat,food,hidden,tree,holes,,accessible,birds,shorter,beaks,,food,means,energy,invest,survival,reproduction,,increased,fitness,,therefore,offspring,compared,short,beaked,birds,,offspring,inherit,longer,beaks,,heritability,,resulting,population,long,beaked,birds,next,generation,,,,intention,,,understanding,,therefore,needed,birds,happen,get,good,random,mutations,easier,life,thus,likely,reproduce,,increasing,likelihood,kids,also,feature,,ones,short,beaks,less,likely,survive,reproduce,,suppressing,passing,bad,trait,next,generation,,okay,clear,think,idea,mutations,leading,adaptation,,mostly,correct,,little,misleading,,,think,instead,population,birds,,bird,slightly,different,others,,one,might,slightly,longer,wings,rest,,one,might,longer,legs,,one,might,particularly,long,beak,,,measure,traits,like,population,organisms,,find,kind,variability,natural,selection,acts,upon,,,really,plausible,one,bird,longer,beak,happened,mutation,made,beak,slightly,longer,rest,,rather,,beak,size,probably,result,interaction,several,genes,,particular,combination,bird,received,came,parents,,got,parents,,,reproduction,,new,combinations,genes,always,popping,,genes,whole,history,mutations,occurred,along,lineage,leading,bird,,,,natural,selection,acts,existing,variation,trait,,variation,comes,individual,differences,genetics,come,mutations,mixing,matching,genes,occurs,reproduction,looking,wrong,way,,,bird,,need,,long,beak,,eat,beak,,would,dead,,,mutation,inherited,parent,may,give,longer,beak,,random,chance,,get,food,,reach,food,reach,,gives,advantage,birds,eat,food,reach,short,beaks,"
evolution,ev7esb,ApplePiePear,,t2_4mgn4hj5,self.evolution,,"lol,kinda,geiy",",removed,",0,1580227714,https://www.reddit.com/r/evolution/comments/ev7esb/lol_yall_kinda_geiy/, 
evolution,ev6ih4,massanishi,,t2_mxn15,lithub.com,,"desire,friendship,runs,deeper,primates,thought", ,0,1580222929,https://www.reddit.com/r/evolution/comments/ev6ih4/the_desire_for_friendship_runs_deeper_in_primates/, 
evolution,ev5ym3,Fanboy375,,t2_3n09bv72,self.evolution,discussion,"told,homo,erectus,separate,specie","pat,shipman,article,doubting,demenisi,claim,senckenberg,conference,researchers,agree,homo,erectus,separate,specie,homo,sapiens,,true,claim,",5,1580220092,https://www.reddit.com/r/evolution/comments/ev5ym3/i_have_been_told_that_homo_erectus_is_not_a/,",deleted,,species,,,word,,species,,singular,plural,,,,,academia,,,,,,,,,doubting,dmanisi,,articlelink,article,,conference,researchers,agree,premise,,,quick,google,search,rendered,nothing,relevant,species,somewhat,loose,term,,species,told,appart,morfology,,make,hares,rabbits,mostly,species,,,huskies,terriers,diferent,species,,absolutely,,,species,determined,groups,breed,togeter,,hard,check,skeleton,particular,taste,another,kind,skeleton,,,usually,species,distinguished,statistics,,group,usually,interbreeds,shares,genes,bodyplans,acts,,mostly,species,,,,erectus,,found,one,alive,today,,could,kids,,hard,tell,,know,mixt,neanderthals,sometimes,,maybe,,,erectus,older,,time,alone,dna,would,probably,compatible,,clearly,see,like,,different,humans,sapiens,,probably,making,hard,get,along"
evolution,ev42pd,Goelian,,t2_hb7j0,self.evolution,,",genesis,,,stereo,soundscape,","made,soundscape,formation,universe,origins,human,life,earth,,,,,recommended,listen,headphones,stereo,equipment,,,,,,,,julianvennik,genesis,,,,julianvennik,genesis,,,curious,guys,think,",0,1580208757,https://www.reddit.com/r/evolution/comments/ev42pd/genesis_stereo_soundscape/, 
evolution,ev3xlw,Bookscrounger,Behavioral Ecology,t2_uck7l,sciencealert.com,,"rapid,evolution,made,paper,wasps,capable,recognising,faces", ,3,1580207746,https://www.reddit.com/r/evolution/comments/ev3xlw/rapid_evolution_made_these_paper_wasps_capable_of/,",removed,need,show,behavioral,changes,occur,elsewhere,,e,,migrants,coming,,,importantly,,need,show,behavioral,changes,genetic,,environmentally,induced,,,impossible,right,,evolutionary,story,made,think,observations,,think,witnessed,,wasp,evolution,around,home,,,,bookscrounger,domesticated,wasps,,,,,colleagues,offered,solutions,,encountered,placid,behavior,one,nest,wasps,neighborhood,"
evolution,euwtwv,ayywhatsuppengyou,,t2_5erucjrk,self.evolution,,"could,possibly,evolve,pre,circumcised,",",substantial,amount,energy,goes,growing,foreskin,,cut,nearly,birth,united,states,,islamic,world,,israel,,communities,,waste,resources,,eventually,evolve,bother,growing,foreskin,",3,1580168747,https://www.reddit.com/r/evolution/comments/euwtwv/could_we_possibly_evolve_to_be_precircumcised/,"theoretically,,yes,could,evolve,longer,foreskin,,,circumcision,would,nothing,dna,passed,gametes,,somatic,cells,,august,weismann,tested,across,many,years,chopping,tails,mice,breeding,offsprings,tails,never,shorter,,know,dna,passed,sperm,egg,,body,cells,since,snipping,foreskin,modify,involve,inherited,trait,,doubt,,,course,,whole,epigenetics,thing,"
evolution,eus8n4,cambridgealert,,t2_1z0hjbz4,cambridgealert.com,article,"darwin,wonderland,,could,tales,help,us,facing,extinction,,,,lot,biologists,think,may,currently,experiencing,sixth,mass,extinction,biological,species", ,31,1580150543,https://www.reddit.com/r/evolution/comments/eus8n4/darwin_in_wonderland_how_could_tales_help_us/,"mean,eucalyptus,sheds,bark,produce,perfect,tinder,,one,yeah,eucalyptus,tends,rather,fireproof,,however,fires,last,december,vigorous,enough,reach,tops,many,usual,,,recent,fires,actually,destroying,staple,food,source,,serious,trouble,,trees,regrow,affect,regions,australia,continent,sits,tectonic,plate,,,yes,koalas,fireproof,,australian,forests,evolved,catch,fire,,koalas,,like,native,species,adapt,,,breeding,lot,,,koala,,functionally,extinct,,,survived,aussie,wildfires,millions,years,goes,,although,anthropocene,extinction,often,used,refer,recent,extinctions,,holocene,refers,every,extinction,,including,background,extinctions,,within,last,,,,,,,,,,,,,,,,,years,,clear,definition,extinction,event,mass,extinction,,hard,separate,events,know,one,ends,another,begins,unless,consider,australia,island,,koala,considered,functionally,extinct,food,burned,last,monthheard,anthropocene,extinction,,must,multiple,names,harlequin,frog,another,ton,rainforest,amphibians,paradise,parrotfact,says,,may,,makes,whole,thing,much,worse,ponder,,,even,admit,,begin,try,anything,,gt,,sense,,sixth,extinction,,comparable,five,,right,,holocene,extinction,extinction,rate,,,,,,,,times,higher,previous,extinction,event,,,,gt,,extinctions,consequence,evolution,,yeah,,called,,background,extinction,rate,,,,en,wikipedia,wiki,background,extinction,rate,,,currently,,,,,,,,,,times,,depending,kingdom,phylum,,fact,extinctions,happen,naturally,mean,every,extinction,natural,,,,gt,,,sixth,extinction,,yet,another,fake,panic,designed,enrich,ngos,,prove,,prove,published,,peer,reviewed,science,wrong,,prove,conspiracy,theory,,keep,every,single,invasive,species,introduced,environment,result,human,activity,,definition,invasive,,,every,single,extinction,result,invasion,part,holocene,extinction,invasive,species,definition,species,,introduced,naive,environment,shares,evolutionary,history,,intentional,unintentional,human,activity,,virtualmountain,idea,talking,,,,,,,,years,,lot,biologists,think,may,experiencing,sixth,mass,extinction,,like,saying,,lot,doctors,think,broken,bones,bad,,,,middle,mass,extinction,,called,holocene,extinction,,going,least,,,,,,,,,years,question,whether,exists,,suggesting,otherwise,dishonest,take,pick,,,,,en,wikipedia,wiki,category,species,made,extinct,human,activitiesinteresting,everyone,else,thread,seem,get,,almost,like,people,denial,,probably,bias,huh,,almost,like,unabated,use,resources,wastes,causing,problem,wildlife,,weird,,gt,,extinctions,happen,time,speciation,,,yep,,,,think,light,house,fire,,things,burn,time,,right,,,holocene,extinction,,,,holocene,extinction,,otherwise,referred,sixth,mass,extinction,anthropocene,extinction,,,ongoing,extinction,event,species,present,holocene,epoch,,recent,time,sometimes,called,anthropocene,,result,human,activity,,included,extinctions,span,numerous,families,plants,animals,,including,mammals,,birds,,amphibians,,reptiles,arthropods,,widespread,degradation,highly,biodiverse,habitats,coral,reefs,rainforests,,well,areas,,vast,majority,extinctions,thought,undocumented,,species,undiscovered,time,extinction,,one,yet,discovered,extinction,,current,rate,extinction,species,estimated,,,,,,,,,,,times,higher,natural,background,rates,holocene,extinction,includes,disappearance,large,land,animals,known,megafauna,,starting,end,last,ice,age,,,,,,,,,,,,,pm,,,,reddit,message,compose,kittens,space,,,,,,,exclude,,,,,reddit,message,compose,wikitextbot,message,excludeme,subject,excludeme,,,,,,,exclude,,,subreddit,,,,np,reddit,r,evolution,banned,,,,,,,faq,,,,,information,,,,np,reddit,r,wikitextbot,wiki,index,,,,,,,source,,,,github,kittenswolf,wikitextbot,,,,,,,,downvote,,,remove,,,,,v,,,,strange,thousands,biologists,disagree,,mention,nature,,ecology,,plosone,,science,,mention,practically,every,science,related,peer,reviewed,journal,planet,,,,current,extinction,rate,happening,thousands,times,faster,background,extinction,rate,tens,hundreds,times,,faster,mass,extinction,event,,,,,,en,wikipedia,wiki,holocene,extinction,good,place,start,,stop,,actually,read,scientific,journals,article,draws,facts,passenger,pigeon,carolina,parakeet,two,cone,immediately,mind,,,baiji,river,dolphin,,caspian,tiger,,massachusetts,heath,hen,,golden,toad,,caribbean,monk,seal,,great,auk,,name,tiny,non,island,species,sense,,sixth,extinction,,comparable,five,,happened,mankind,ever,existed,,,extinctions,consequence,evolution,process,natural,selection,happened,epochs,,extinctions,happen,time,speciation,,,,sixth,extinction,,yet,another,fake,panic,designed,enrich,ngos,taking,limited,resources,away,situations,events,,human,environmental,,need,urgent,attention,may,relevant,notion,sixth,extinction,typically,includes,notion,,human,activity,,significant,driving,force,,,,make,point,,disregarding,,extinctions,human,activity,,definitely,,significant,causative,factor,killed,pollution,overfishing,,shame,chinese,paddlefish,recent,one,,since,ask,,moa,also,killed,invasive,species,,,talking,island,species,maladjusted,invasive,species,,talking,sixth,extinction,event,tm,,species,become,extinct,,,think,northern,white,rhino,,made,extinct,chinese,medicine,,,great,extinction,event,lots,lots,adjacent,species,died,less,side,side,many,,invasive,species,,,,get,,invasive,,cuz,,human,activity,,helping,move,new,territory,island,based,species,usually,badly,adapted,predation,invasive,species,,example,,dodo,,island,based,,qualification,ok,sixth,mass,extinction,,,name,species,,island,based,,gone,extinct,time,alive"
evolution,euro8b,SbuffoGrigio,,t2_1uvfgzxq,self.evolution,question,"weberian,apparatus,evolve,ear,terrestrial,vertebrates,","professor,went,far,saying,middle,ear,mammals,evolved,weberian,ossicles,,know,true,,read,middle,ear,,namely,,malleus,incus,,evolved,reptilians,,jaw,bones,,maybe,referring,stapes,,part,inner,ear,,completely,wrong,,,,,find,much,googling,,answer,appreciated,,,",5,1580148318,https://www.reddit.com/r/evolution/comments/euro8b/did_the_weberian_apparatus_evolve_into_the_ear_of/,"thank,,,,,wonder,says,though,,convinced,,stated,couple,times,,biologist,,must,aware,said,,,,,mean,,give,much,credit,stuff,,recapitulation,theory,,triune,brain,,thing,ear,seems,plainly,without,doubt,wrong,,duh,also,,confirm,homologs,three,inner,ear,bones,still,much,part,jaws,ostariophysan,fishes,completely,wrong,,easy,enough,mistake,make,,three,bones,middle,ear,commonly,called,,auditory,ossicles,,,,e,,small,bones,involved,hearing,,,whereas,weberian,ossicles,also,small,bones,involved,hearing,,,,middle,ear,evolved,three,bones,found,jaws,fishes,,,articular,,quadrate,,hyomandibula,,occured,tetrapods,diverged,fishes,,,,weberian,apparatus,,hand,,made,modifications,first,four,vertebrae,,also,unique,one,group,ray,finned,fishes,,ostariophysis,,group,,therefore,weberian,apparatus,,evolve,,,tetrapods,split,rest,fishes,,two,systems,evolved,disparate,lineages,right,,makes,sense,,thanks,since,weberian,apparatus,first,appears,ray,finned,fish,cretaceous,,tetrapods,derive,fleshy,finned,fish,devonian,,,,,,million,years,earlier,,,claim,sounds,bit,dubious,,,,mammalian,inner,ear,evolved,jaw,bones,,stated,,,good,discussion,,kemp,,mammal,like,reptiles,origin,mammals,,"
evolution,eult95,Bookscrounger,Behavioral Ecology,t2_uck7l,massivesci.com,,"swamp,sparrows,guess,ages,sounds,song", ,4,1580118448,https://www.reddit.com/r/evolution/comments/eult95/swamp_sparrows_can_guess_each_others_ages_from/,"awww,cmon,gotta,make,political,,,,swamp,sparrows,listen,think,,,,ok,boomer,ho,test,,,,,rick,,translator,,,wtf,dude,,,sounds,like,,,,looks,like,milf,,,,,,,,,would,love,make,egg,mechanism,educated,voters,use,determine,donald,trump,sounds,like,,,year,old,throwing,tantrum,"
evolution,euhb05,everyethnos,Creationist,t2_1jhytuff,self.evolution,,"mathematical,challenges,darwin,theory,evolution","transparent,,christian,creationist,,posted,sub,lurked,awhile,,,time,,watch,video,brief,summary,happens,video,obviously,containing,specific,arguments,presented,,,tone,post,considered,serious,,,purposes,posting,video,,,,receive,critical,feedback,serious,commentary,subject,matter,,,b,,elicit,resources,evolution,specifically,mathematics,associated,microbiology,,c,,hear,personal,thoughts,content,video,,,link,,,,hoover,research,mathematical,challenges,darwins,theory,evolution,david,berlinski,stephen,meyer,david",2,1580091892,https://www.reddit.com/r/evolution/comments/euhb05/mathematical_challenges_to_darwins_theory_of/,"post,removed,following,reason,,topic,,,check,,r,debateevolution,instead,,set,specifically,,removed,"
evolution,eugt0s,ngdreddit,,t2_p9idy,self.evolution,,"made,comedy,video,evolution","hey,guys,,made,comedy,video,evolution,,hoping,would,check,,first,attempt,making,youtube,video,hope,like,,thanks,,,,,,youtube,watch,v,j,btktoxx,,,,,youtube,watch,v,j,btktoxx,",0,1580089469,https://www.reddit.com/r/evolution/comments/eugt0s/made_a_comedy_video_about_evolution/, 
evolution,eughtb,ngdreddit,,t2_p9idy,self.evolution,,"made,comedy,video,evolution","hey,guys,,made,comedy,video,evolution,,first,shot,youtube,video,,please,check,,hope,think,funny,",0,1580087955,https://www.reddit.com/r/evolution/comments/eughtb/made_a_comedy_video_about_evolution/, 
evolution,eufi8l,krabmanice,,t2_2inkwkm2,self.evolution,question,"mammals,naturally,mate,outside,immediate,relatives,","words,,mammals,naturally,avoid,incestuous,mating,practices,,also,know,little,evolution,biology,please,excuse,potential,misnomers,",8,1580083365,https://www.reddit.com/r/evolution/comments/eufi8l/do_most_mammals_naturally_mate_outside_of_their/,"wild,species,established,social,order,evolutionary,history,involves,incest,offnen,genetic,issues,lack,genetic,diversity,,,inbreeding,depression,expression,deleterious,genes,tends,mainly,portion,larger,population,forced,inbreeding,situation,,case,domestic,animals,,,,wild,small,populations,inbreeding,long,time,,many,generations,,often,weeded,bad,genes,,,still,issue,lack,generic,diversity,though,,problem,disease,enters,population,environmental,conditions,change,resulting,inability,species,evolve,meet,new,environment,due,said,lack,diversity,,,current,work,nearly,extinct,primate,species,isolated,one,small,island,last,,,,,,,,years,entire,time,would,small,population,,although,,much,,larger,today,,,,en,wikipedia,wiki,inbreeding,avoidance,including,cute,picture,hamster,,,golden,hamsters,shown,use,phenotypes,template,order,differentiate,kin,non,kin,via,olfaction,,,,words,avoid,mating,hamsters,smell,similar,major,histocompatibility,complex,,mhc,,apparently,detected,odor,,even,humans,,,,,,ncbi,nlm,nih,gov,pmc,articles,pmc,,,,,,,,generally,yes,,genetic,diseases,recessive,,avoid,mating,relatives,generally,less,likely,produce,offspring,diseaseyes,,kinds,inbreeding,avoidance,heuristics,organisms,developed,,mammals,,birds,fish,well,,,humans,,one,notable,heuristic,sharing,maternal,attention,,e,,,watching,mom,care,another,person,,,example,,adopted,siblings,attraction,long,raised,infants,mother,,course,,,genetically,,might,perfectly,compatible,,one,could,argue,mechanism,,misfires,,case,evolutionary,standpoint,,,,alternately,,biological,siblings,never,develop,visceral,revulsion,raised,separately,never,knew,siblings,,sure,siblings,situation,today,decide,make,babies,know,siblings,,decision,based,gut,feeling,,due,cultural,reasons,,e,g,,,norms,incest,,simply,due,knowledge,babies,healthy,,,definitely,cases,siblings,situation,fall,love,say,,fuck,,,,find,stories,google,want,,always,tragic,one,way,another,"
evolution,eud5b3,ayywhatsuppengyou,,t2_5erucjrk,self.evolution,question,"possible,evolve,innately,know,qwerty,keyboard,","keyboard,used,billions,people,,,since,first,gain,dominance,digital,age,,seems,likely,stick,standard,perhaps,stop,using,keyboards,entirely,,used,among,english,speakers,,either,,countless,people,speak,chinese,,japanese,,indian,languages,,spanish,,etc,also,use,,,,,,world,smartphone,,eradicate,poverty,soon,,people,using,keyboard,,,,thoughts,,know,sounds,stupid,like,know,plausible,",6,1580073640,https://www.reddit.com/r/evolution/comments/eud5b3/is_it_possible_that_we_will_evolve_to_innately/, 
evolution,euczqp,Age_memnon,,t2_51nndppn,self.evolution,question,"going,new,evolution,,","last,,,,years,full,wars,,people,going,mad,rape,,natural,disasters,,policians,stupid,people,worse,,reading,book,,studying,,,nothing,helps,us,,part,new,evolution,race,,,allways,believed,evolution,comes,chaos,,like,black,death,world,wars,,mean,evolution,mind,,body,,,beginning,,,,,,chaos,began,really,slowly,time,breath,something,else,happens,,last,,,years,,,well,,know,mean,,time,enjoy,life,,waiting,next,day,see,things,get,better,even,solve,something,,new,problem,starts,",78,1580073030,https://www.reddit.com/r/evolution/comments/euczqp/are_we_going_through_a_new_evolution/,",gt,,know,humans,blank,slates,molded,culture,genes,epigenetics,,biological,evolution,,plays,large,role,cultural,evolution,,,actually,,,,relevant,discussion,,sure,bringing,,,,gt,,look,generational,epigenetics,,,,facepalm,,,oh,,,idiot,,,,talking,,perception,,major,societal,changes,occurred,last,,years,,,changes,occurred,generational,timeframe,,far,changes,exist,,part,,dude,delusional,,,simple,cultural,changes,nothing,biology,bunch,boomers,getting,old,throwing,temper,tantrums,,,,gt,,pedantic,imo,shut,person,kinda,broken,english,thinking,science,way,learned,without,helping,understand,wrong,,condescending,,guy,problem,use,language,,guy,problem,fucking,idiot,,arguing,vienna,austria,,one,safest,cities,world,,hot,bed,corruption,,murder,rape,,claiming,,raping,murdering,ex,wifes,increased,,,,,,pro,islamic,regime,due,people,getting,punishment,,,seriously,,point,ok,condescend,someone,flagrantly,touch,reality,,,regardless,,reason,,wrong,,,,still,wrong,,,,politely,pointing,wrong,,,,pedantic,,,,,one,pedantic,,ironic,given,completely,wrong,thing,pedantic,,desperately,trying,shoehorn,biology,discussion,avoid,admitting,wrong,,truly,pitiful,thank,since,evolution,homo,sapien,sapiens,human,brain,evolved,,genetic,variation,animals,universal,change,across,species,considered,genetic,change,species,homo,sapiens,,,culture,changes,quite,dramatically,zero,impact,biology,,cultures,constructs,created,almost,creatures,changes,selection,processes,,second,world,war,profound,effect,culture,relation,genetic,changes,human,species,,compare,human,brains,,,,,find,difference,standard,genetic,variance,species,,,op,omits,rambling,biggest,culture,changes,recent,times,,rise,computers,internet,,occur,times,peace,stability,,computing,good,example,see,big,change,made,series,minor,changes,working,back,previous,advancements,pedantic,imo,cultural,evolution,apart,larger,nature,vs,nurture,argument,,know,humans,blank,slates,molded,culture,genes,epigenetics,,biological,evolution,,plays,large,role,cultural,evolution,,,,look,generational,epigenetics,,,pedantic,imo,shut,person,kinda,broken,english,thinking,science,way,learned,without,helping,understand,wrong,,condescending,gt,,definitely,excuse,went,low,,went,low,,glad,recognized,,,wait,,saying,,talking,anthropology,evolution,,,going,low,,,called,pedant,making,,,,,,accurate,,,,,,,reasonable,,,,,,,non,pedantic,distinction,,understand,,cultural,evolution,,falls,study,anthropology,,biology,,right,,,made,good,point,,responded,douche,,pure,simple,said,,epigenetics,genes,,true,,,also,,,getting,plasticized,,means,literally,nothing,,phenotype,plastic,,meaning,change,,gt,,use,us,example,,pedantic,point,ignored,valid,point,current,state,conflict,recent,development,,,one,misreading,,disagree,ignore,point,,completely,agree,valid,point,important,one,,fact,state,conflict,recent,,op,objectively,wrong,claim,,world,peaceful,today,,using,broad,definition,,today,,,ever,point,history,,,,disagreed,framing,site,poster,linked,used,,repeated,,misleading,,exaggerate,say,,us,war,,,,,,,,,years,,really,true,,using,highly,misleading,definition,,war,,,consider,even,single,military,engagement,,war,,entire,year,,real,amount,time,us,war,bad,enough,,make,sound,even,worse,really,,,pedantic,,know,,maybe,,seemed,data,wrong,important,way,,pointed,,fact,agree,conclusion,mean,agree,sitting,back,letting,someone,make,misleading,claim,,,,,,,,,,clear,,saying,poster,intentionally,misleading,,hell,even,person,made,site,probably,,meaning,,misleading,,end,result,,,misleading,,lying,statistics,still,lying,,,gt,,link,clearly,showing,,,,,increase,crime,austria,,,god,idiot,,,link,,even,bother,read,,site,,actually,,shows,,data,based,,,perceptions,,,visitors,website,past,,,years,,,,,gt,,fuck,know,mate,,,fuck,know,fucking,read,,,,,gt,sorry,links,sent,trustable,,actually,,trust,anything,western,media,tells,us,,even,mu,country,,,yes,,believe,delusions,,,,goodbye,first,,definitely,case,genetic,changes,affecting,human,brain,behavioral,traits,,,,,,,,,years,,mean,,obviously,standing,variation,genetics,many,behavioral,traits,one,,frequency,changes,among,variants,evolutionary,,also,likely,variation,become,fixed,new,variants,introduced,time,well,,know,exactly,change,referring,think,happened,,,,,,,,,years,ago,,sounds,pretty,arbitrary,,,second,,even,genetic,change,,culture,would,still,change,since,interaction,genetics,environment,,similar,genotype,x,environment,interaction,studied,population,genetics,genetics,,environment,,interaction,effect,represent,three,separate,terms,understand,changes,without,accounting,three,use,us,example,,pedantic,point,ignored,valid,point,current,state,conflict,recent,development,,gt,,mean,medieval,wars,,,,mean,millions,wars,occurred,first,civilisations,first,world,wars,,yes,including,medieval,warfare,,think,find,,,,,wars,brought,good,cultural,change,technological,advancement,,,,gt,,talk,crusades,,end,ended,renaissance,choosing,science,religion,,,,,learn,history,,crusades,ending,renaissance,,err,,renaissance,ending,choosing,science,religion,,errrr,,know,renaissance,followed,bloodiest,religious,wars,europe,ever,seen,,,,,years,war,,heard,,happens,,,,,renaissance,,seem,renaissance,confused,enlightenment,came,much,much,later,minds,changed,,,cultures,changed,change,occurs,cultural,integration,war,,think,right,either,refer,cultural,change,evolution,non,permanent,localised,changes,really,,gt,,xenophobia,,power,,war,,biology,exclusive,basis,,though,,environment,,including,learned,practices,,play,part,well,,genetics,biology,well,history,ecology,human,society,takes,form,,,case,societies,since,time,brain,developing,,,,,,,,,years,ago,,societies,cultures,change,outside,human,evolution,,gt,,exactly,conditions,set,disrupting,equilibrium,state,leads,adaptation,diversification,versus,population,decline,collapse,important,area,research,evolutionary,theory,,things,mentioned,,emergence,science,,rockets,moon,different,evidenceable,causes,,emergece,science,indeed,tied,chaos,war,actually,period,advancement,populations,develop,,,whole,thread,someone,putting,pattern,together,selective,evidence,thousands,years,history,,even,cultural,evolution,means,,cultural,evolution,occurs,peace,time,war,,insane,,thesis,could,written,everything,false,statements,"
evolution,euch4m,AxisMandorla,,t2_5faqgp4z,self.evolution,question,"books,papers,,fear,dark,,","knowing,archaic,evolutionary,trait,learn,processes,,thanks,",3,1580071010,https://www.reddit.com/r/evolution/comments/euch4m/bookspapers_on_fear_of_the_dark/, 
evolution,eu2kgf,beniolenio,,t2_tirjbv4,self.evolution,question,"full,evolutionary,tree,","website,something,explore,full,large,evolutionary,tree,shows,kingdom,phylum,order,specific,species,life,",17,1580015677,https://www.reddit.com/r/evolution/comments/eu2kgf/full_evolutionary_tree/,"desktop,link,,,,en,wikipedia,wiki,homo,sapiens,,,,,,,,,r,helperbot,,,,downvote,,,,,remove,,,,counter,,,,,,,,,,,,,,,found,,,,,bug,,,,,reddit,message,compose,,swim,,,,,subject,bug,message,,,reddit,r,evolution,comments,eu,kgf,full,evolutionary,tree,ffrvx,h,,,,phylogenyexplorerproject,,,advanced,navigable,online,phylogeny,still,making,,,,,,en,wikipedia,wiki,homo,sapiens,,,going,successive,clades,provides,others,found,,,,,,tree,opentreeoflife,opentree,argus,opentree,,,,,ott,,,,,,,,includes,,,,,million,species,one,comprehensivefact,otol,lists,sources,definitely,major,plus,leaves,onezoom,suspect,,though,fact,many,date,values,onezoom,gives,suspiciously,similar,timetree,,would,guess,uses,similar,method,aggregation,,,,also,like,many,areas,provides,supporting,conflicting,papers,arrangement,taxa,shown,,,understand,point,identifying,taxa,diverged,first,particularly,ancient,lineage,difficult,,sure,would,agree,,least,instances,,important,get,right,,whether,ctenophores,poriferans,diverged,first,tremendous,implications,earliest,animals,evolved,,similar,example,current,dispute,topmost,clades,within,taxon,diverged,found,within,dinosauria,,relationships,ornithischians,,theropods,,sauropodomorphs,,etc,,may,huge,impact,whether,earliest,dinosaurs,integument,air,sacs,,thus,may,consequently,inform,us,evolution,,lifestyle,,physical,properties,descendants,,reason,took,ctenophore,poriferan,relationship,otol,seriously,,especially,even,consider,topic,matter,debate,,afaik,,conflicting,sources,cited,,,,feel,best,method,dealing,conflicts,biota,wide,phylogenetic,tree,project,would,add,alternative,,likely,yet,confirmed,research,,placements,taxa,dotted,lines,,shade,text,getting,ever,lighter,weaker,support,ceasing,exist,upon,crossing,certain,threshold,,e,g,,eocyte,asgard,hypothesis,,,dark,grey,,ornithoscelida,,,lighter,grey,,heilmann,bird,thecodont,hypothesis,,,chart,,,however,,may,hard,implement,,especially,something,like,onezoom,,potential,confusing,mess,many,heavily,debated,areas,timetree,definitely,best,retrieving,pairwise,divergence,estimates,,trees,,one,thing,like,otol,project,published,papers,explaining,approach,reconciling,parts,tree,discord,,probably,transparent,tree,life,browser,yet,,,think,judging,otol,ctenophores,sponges,placement,good,barometer,,,diverged,first,extant,metazoans,,question,absolute,clusterfuck,,incredibly,deep,divergence,likely,long,branch,attraction,problems,,plus,time,try,genome,scale,phylogenetics,,model,misspecification,issues,,throw,half,billion,years,divergence,gets,worse,,result,one,gets,seems,largely,boil,model,used,,situation,like,think,lot,room,skepticism,totally,agree,judgement,,would,advocate,everyone,exercise,caution,conclusions,,well,sources,,cross,check,scientific,literature,specific,taxa,looking,,,,said,,see,measurably,less,reliable,sources,given,others,,open,tree,life,,example,,recovers,ctenophores,basalmost,group,within,metazoa,despite,fact,vast,majority,studies,support,,additionally,,timetree,works,quite,well,providing,dates,estimated,divergence,clades,,attempts,reconstruct,phylogenetic,relationships,along,lines,,especially,larger,groups,multitude,rapidly,diverging,lineages,,aves,eukaryotes,,often,produce,results,conflict,virtually,every,recent,study,"
evolution,eu24yr,Rcrez,,t2_11l0pk,self.evolution,question,"intelligence,trait,thats,favored,evolution,","wondered,,developed,countries,fewer,kids,developing,countries,,know,lots,friends,live,comfortable,lifestyles,,high,paying,skilled,stressful,jobs,,also,tell,enough,money,kid,barely,making,enough,support,,live,bay,area,rent,sf,astronomical,,,,,trend,society,education,,higher,paying,jobs,doctors,,lawyers,,tech,professionals,buy,small,apartment,downtown,,,,million,,go,fancy,restaurants,nice,international,trips,left,family,,good,evolution,,distracted,making,comfortable,,kids,therefore,intelligence,technologically,developed,society,trait,thats,selected,evolution,",7,1580013105,https://www.reddit.com/r/evolution/comments/eu24yr/is_intelligence_a_trait_thats_not_favored_by/, 
evolution,etyogo,robespierrem,,t2_tll23,self.evolution,,"humans,irrational,,animals,species,show,similar,level,irrationality","wondering,,see,,irrational,ould,advantageous,,death,general,e,delusional,mostly,miserable,existences,",8,1579995681,https://www.reddit.com/r/evolution/comments/etyogo/why_are_humans_irrational_at_all_do_other_animals/,"book,waiting,kindle,called,,case,reality,,central,idea,time,oversimplifying,world,,thinking,,wrong,,way,,quicker,thinking,world,way,maps,even,closely,external,world,actually,behaves,,,,get,day,hunting,gathering,,model,schroedinger,equations,relating,interactions,particles,body,surroundings,,evolution,favoured,getting,day,think,reasonable,assume,prerequisite,intelligence,,likely,,way,around,,death,simply,extra,scary,darn,well,know,coming,,comparison,autistic,people,rather,ad,hoc,well,,guess,something,could,tested,,,much,likely,however,irrational,thoughts,afterlife,side,effect,intelligence,aspects,improved,survival,,however,reasonable,idea,invaded,another,tribe,,happen,every,night,,yet,,fence,protect,every,night,,however,reasonable,germ,theory,disease,,like,actually,always,wash,pathogens,wash,hands,,better,wash,hands,irrationally,frequent,case,,,,brain,whatever,takes,stay,alive,business,,especially,since,humans,pretty,useful,family,tribe,even,reproductive,age,,pondering,death,,many,people,tend,,wash,hands,case,,,like,example,"
evolution,etsmho,TimeOutLoud,,t2_58dyjja1,self.evolution,question,"evolving,,,training,,,bacteria,live,mars,","know,atmospheric,makeup,conditions,mars,,seems,plausible,could,steer,evolution,hardy,bacteria,towards,surviving,,indeed,thriving,replicated,conditions,lab,earth,,seems,straighfoward,cheap,experiment,carry,,,wondering,anyone,point,work,",3,1579968728,https://www.reddit.com/r/evolution/comments/etsmho/evolving_training_bacteria_to_live_on_mars/, 
evolution,etrydn,ursisterstoy,,t2_ni1r89j,youtu.be,,"part,one,emergence,homo,sapiens,,one,mostly,discusses,large,brains,,mutations,led,us,,impact,us,,,good,bad,", ,5,1579965462,https://www.reddit.com/r/evolution/comments/etrydn/part_one_of_the_emergence_of_homo_sapiens_this/,"well,,debate,subs,agree,scientific,papers,want,learn,,either,case,apparently,understand,presented,,get,better,picture,entire,series,beginning,end,provides,better,picture,asking,,actually,want,know,,general,overview,,brains,useful,multicellular,organisms,mobile,,,anything,advanced,like,us,worm,,advanced,brain,like,found,fish,comes,predator,prey,selective,forces,prey,learn,avoid,eaten,predators,learn,starve,death,,builds,thermoregulation,social,structure,within,mammals,problem,solving,advanced,social,structures,select,higher,order,thinking,skills,,takes,mutations,get,bigger,brain,chimpanzees,still,discussed,video,"
evolution,etrpa6,artsandopinion,,t2_34pjwqig,artsandopinion.com,,"trouble,darwin", ,0,1579964181,https://www.reddit.com/r/evolution/comments/etrpa6/the_trouble_with_darwin/, 
evolution,etr5sm,wgolding,,t2_gti8t,youtube.com,,"recently,created,documentary,history,evolution,youtuber,adoredtv,,starts,,,,,,", ,2,1579961193,https://www.reddit.com/r/evolution/comments/etr5sm/recently_created_documentary_on_history_of/, 
evolution,etoobr,Few-Tiger,,t2_52vsr9ck,self.evolution,question,"spontaneous,gut,combustion,,,selected,",",,steemit,blog,,steemknowledge,know,,,,fact,vs,fiction,spontaneous,combustion,,recently,read,book,mentions,build,phosphine,,pyrophoric,past,,,,small,amounts,oxygen,,gut,oxygen,level,,,,,,,could,cause,gut,explode,like,fuel,tank,full,fuel,vapors,,,,,books,google,co,uk,books,id,uihgdwaaqbaj,pg,pt,,,,lpg,pt,,,,dq,spontaneous,combustion,human,,,,gut,,,,source,bl,ots,,,h,,wnlbe,sig,acfu,u,,tz,yd,z,,exh,g,,,yvmtwwwka,hl,en,sa,x,ved,,ahukewixxkvwypvnahuavbuihz,bdp,q,aewenoecaoqaq,v,onepage,q,spontaneous,,,combustion,,,human,,,,,,,,gut,,,,f,false,,merit,,first,link,includes,case,flame,actually,witnessed,burst,hole,stomach,area,absence,cigarettes,matches,,,kind,fringe,topic,late,kind,stoned",3,1579943752,https://www.reddit.com/r/evolution/comments/etoobr/spontaneous_gut_combustion_why_was_it_not/, 
evolution,etnwn5,haydenislurking,,t2_3cwzpeoj,self.evolution,,"humanistic,evolution,intelligence","got,thinking,,nothing,better,,sleep,weak,,started,thinking,human,evolution,,evolved,drastically,different,distant,cousins,trees,,necessarily,creationist,,believe,evolution,many,extents,,wondered,chimpanzees,,gorillas,,apes,evolved,quite,extent,,denying,intelligence,capability,animals,,compared,humans,skill,,intelligent,gorillas,,iq,,,,,,,,,,,human,considered,borderline,intellectually,functional,live,alone,,done,much,research,human,brain,overall,brain,size,comparison,intelligence,college,lev,zoology,class,took,,got,,,,,paper,,understand,fairly,well,,question,humans,neccesarily,super,special,,apes,exactly,evolved,near,level,,gorillas,around,far,longer,humans,arguably,,plenty,time,evolve,similar,us,,intelligent,,defined,language,skills,,theoretically,given,x,amount,time,possible,species,become,human,like,,high,intelligence,physical,capacity,put,said,intelligence,work,colonize,influence,environment,way,able,",22,1579938095,https://www.reddit.com/r/evolution/comments/etnwn5/humanistic_evolution_in_intelligence/,"welp,go,,got,,without,good,writing,,intersection,school,attending,fair,,need,intelligence,pummel,predator,tomorrowparticularly,,writing,ability,pretty,horrible,,usage,applications,good,enough,teacher,standard,guess,,basically,give,rundown,key,aspects,paper,examined,however,,feel,free,critique,would,,whole,paper,brain,size,intelligence,,specific,humans,apes,particular,,also,examined,instances,humans,may,larger,smaller,part,brain,,,gray,matter,prefrontal,area,,due,exposure,lead,childhood,,also,mention,size,crustaceans,large,brains,proportion,size,,largely,intelligent,creatures,,found,humans,actually,brain,size,much,larger,,part,paper,examined,diversion,humans,apes,,scientists,estimate,,,,,million,neurons,added,every,one,hundred,thousand,years,,decide,many,added,year,,sure,would,difference,,besides,maybe,intelligence,estimated,genetic,,generation,inherited,exponential,difference,neurons,,humans,brains,evolving,,volume,brain,tripled,,approximate,,,,,,cubic,centimeters,,modern,humans,today,,white,gray,brain,matter,also,grew,size,developed,complex,cortical,folding,,great,apes,average,brain,size,sitting,around,,,,,,,,,cubic,centimeters,,still,displaying,similar,brain,organization,pattern,,word,word,,largely,paraphrasing,copy,paste,paper,,computer,,phone,,part,examined,diversion,intellectual,diversions,,examining,cranial,vault,neanderthal,skulls,,scientists,determined,,,,,larger,brain,humans,,largely,due,incredibly,large,size,,needing,larger,brain,function,,quite,possibly,could,smaller,little,bit,,comparing,pound,brain,size,,humans,also,brain,,,times,larger,compare,trends,animals,kingdom,,larger,brain,general,,largely,understand,brains,different,tree,dwelling,cousins,understand,far,humans,ones,gage,developed,evolutionary,stem,intelligence,,seeing,apes,existed,far,longer,us,,seen,many,traits,evolve,separately,,sight,,estimated,come,existence,,,separate,times,,,,different,organism,would,independently,grow,sight,five,whole,pages,,double,spaced,literally,,,,,pages,,must,deep,research,hand,,much,,much,,stronger,,could,easily,throw,across,room,,intelligence,successful,adaptive,strategy,"
evolution,etiq66,Certifiedpedo,,t2_5gdbx0q1,self.evolution,question,"possible,,",",,,possible,us,evolve,advanced,version,,,like,homosapeins,homosapeinsapeins,yes,,,,,,,,possible,animal,species,might,get,evolved,advance,us,us,like,neanderthals,coexisted,,together,,,,,,",1,1579909357,https://www.reddit.com/r/evolution/comments/etiq66/is_this_possible/, 
evolution,ethu8j,ayywhatsuppengyou,,t2_5erucjrk,self.evolution,question,"another,species,evolved,human,like,intelligence,,would,bodies,still,allow,create,infrastructure,technology,like,","mean,,dog,paws,seem,like,could,really,construct,tools,,could,,humans,really,well,suited,tool,use,could,animals,hypothetically,",4,1579905335,https://www.reddit.com/r/evolution/comments/ethu8j/if_another_species_had_evolved_human_like/, 
evolution,etcuy3,balloontrap,,t2_176ym7,self.evolution,question,"alien,planet,aquatic,land,based,life,,likely,resemble,creatures,earth,due,principles,behind,convergent,evolution,", ,24,1579884133,https://www.reddit.com/r/evolution/comments/etcuy3/if_an_alien_planet_had_aquatic_and_land_based/,"fantastic,answer,,stumbled,upon,subreddit,,question,,part,reddit,recommendations,clarified,question,layman,mind,pondered,couple,months,,thank,,also,thanks,op,asking,,vanderzwan,addition,,aspiring,author,really,afford,professional,consulting,various,areas,sci,fi,novel,,wants,adhere,know,,people,generously,eloquently,share,knowledge,makes,hope,humanity,grow,,,,,,points,talking,,appearances,,related,,convergent,evolution,,,,wide,evolutionary,perspective,,,,yes,,oak,tree,dragonfly,related,biochemistry,,radically,different,macroscopic,structure,,,similarities,due,homology,,exact,opposite,convergent,evolution,op,asking,"
evolution,etanpn,ricky_el_dia,,t2_578y1hmv,self.evolution,question,"recommendation,phd,program","hello,,let,begin,background,,junior,large,state,university,,,,,,gpa,political,science,,b,,,minors,philosophy,history,,recently,got,excited,evolutionary,biology,looking,applying,lot,state,school,ivy,league,phd,programs,,questions,,,,,,get,accepted,program,give,,,,,would,weird,one,social,science,majors,program,,,,jobs,field,,preferably,teaching,,,,comments,help,,thank,",8,1579873859,https://www.reddit.com/r/evolution/comments/etanpn/recommendation_for_phd_program/, 
evolution,et12hw,ArmoredKappa,,t2_11gjg9,self.evolution,question,"timeline,human,evolution,starting,back,fishies,shows,pictures,looked,time,","like,,,,,upload,wikimedia,wikipedia,commons,,,,,,age,man,wiki,jpg,,gives,good,overview,different,vertebrates,branched,,nice,pictures,,,like,,,,,imgur,tcsigtn,png,,picture,fishies,starting,sprout,legs,lit,,wanna,see,whole,story,though",18,1579820298,https://www.reddit.com/r/evolution/comments/et12hw/is_there_any_timeline_of_human_evolution_starting/, 
evolution,et0v8q,kazemhosseini,,t2_35ef6f6d,self.evolution,question,"evolution,happen,way,darwin,thought,,recent,theory,new,species,emerge,", ,6,1579819467,https://www.reddit.com/r/evolution/comments/et0v8q/evolution_cant_happen_the_way_darwin_thought_is/, 
evolution,esyzjf,robespierrem,,t2_tll23,self.evolution,,"intuition,based,question,,,population,mutation,rate,increase,linearly,population,number,","individuals,mutations,intuition,wanna,know,mark,",1,1579811720,https://www.reddit.com/r/evolution/comments/esyzjf/intuition_based_question_does_the_populations/, 
evolution,esxnpc,darktennisball,,t2_ow9xh,self.evolution,question,"came,first,,urination,ejaculation,procreation","early,microanimals,procreate,asexually,,even,though,assuming,asexual,organism,still,release,sperm,technically,ejaculation,animals,utilize,photosynthesis,sea,,thus,efficiently,need,excrete,water,waste,idea,,started,joke,friend,actually,kinda,curious,,,,assuming,ejaculation,survival,important,reproduction,right,",7,1579806235,https://www.reddit.com/r/evolution/comments/esxnpc/which_came_first_urination_or_ejaculation_for/, 
evolution,eso5yu,Fanboy375,,t2_3n09bv72,youtu.be,video,"misunderstanding,homologies", ,0,1579753825,https://www.reddit.com/r/evolution/comments/eso5yu/misunderstanding_homologies/, 
evolution,esnz3t,yoda-mode,,t2_rods7zc,self.evolution,question,"see,proto,limb,,attempts,,","might,seem,like,completely,noob,question,,would,help,tremendous,amount,towards,building,intuition,process,,,main,reason,ask,seems,order,selection,eventually,,fix,,,speak,,arm,given,location,,would,try,every,possible,location,rudimentary,,infinitesimal,,,level,,seems,like,follows,random,nature,mutation,variation,etc,,interacts,ordering,principle,selection,,,something,wrong,understanding,nature,variation,mutation,,key,idea,really,,accumulated,infinitesimal,change,,",20,1579752724,https://www.reddit.com/r/evolution/comments/esnz3t/why_dont_we_see_any_protolimb_attempts/, 
evolution,esnae1,awkward4bothofus,,t2_4i1tnay3,self.evolution,question,"herbivore,transitioned,predator,way,humans,","titled,,curious,species,followed,path,,understand,herbivore,come,first,plants,come,herbivores,,predators,well,established,herbivore,adapt,carnivorous,life,manner,humans,,seems,like,difficult,adaptation,make,presence,fully,adapted,predators,great,variety,number,",37,1579749434,https://www.reddit.com/r/evolution/comments/esnae1/has_any_other_herbivore_transitioned_to_predator/, 
evolution,esjy6d,rapsacD,,t2_48gc125t,self.evolution,,"examples,human,participation,evolution","hey,r,evolution,,trouble,finding,concrete,examples,human,influenced,evolution,,aware,processes,like,selective,breading,,would,like,less,obvious,,,intentional,example,,preferably,beneficial,evolution,inadvertently,detrimental,applications,,,thanks,",12,1579734572,https://www.reddit.com/r/evolution/comments/esjy6d/examples_of_human_participation_in_evolution/, 
evolution,esgxgg,Partywithtom,,t2_x2xf4,self.evolution,discussion,"discussion,,universal,concept,increases,exponential,rate,","feel,,explain,elaborate,",14,1579721861,https://www.reddit.com/r/evolution/comments/esgxgg/discussion_is_universal_concept_that_increases_at/, 
evolution,es9adw,ahivarn,,t2_lbx4e,livescience.com,article,"scientists,uncover,new,mode,evolution", ,63,1579682722,https://www.reddit.com/r/evolution/comments/es9adw/scientists_uncover_new_mode_of_evolution/, 
evolution,es3q2x,feraferoxdei,,t2_11jxkw,youtu.be,video,"violence,human,evolution", ,0,1579652139,https://www.reddit.com/r/evolution/comments/es3q2x/violence_in_human_evolution/, 
evolution,es3jl0,kazemhosseini,,t2_35ef6f6d,self.evolution,question,"humans,eventually,evolve,see,quantum,world,actually,", ,20,1579651271,https://www.reddit.com/r/evolution/comments/es3jl0/will_humans_eventually_evolve_to_see_our_quantum/, 
evolution,es3guw,ayywhatsuppengyou,,t2_5erucjrk,self.evolution,question,"ever,revel,cool,human,","like,,genetically,nearly,identical,founders,first,civilization,ever,planet,,still,many,vestigial,traits,make,us,animal,,primal,instincts,bodies,built,life,hunting,gathering,,also,smartest,things,ever,existed,,period,,mastered,language,,something,ancestors,could,never,dream,,civilization,,experienced,much,change,,especially,,,th,,,st,centuries,,time,alive,",5,1579650929,https://www.reddit.com/r/evolution/comments/es3guw/do_you_ever_just_revel_in_how_cool_it_is_to_be/, 
evolution,es0zuu,glotilda1888,,t2_5dnuafvc,self.evolution,,"reproduction,strategies,","hi,,searching,book,reproduction,strategies,,interesting,studies,,accessible,,,serious,pop,science,,matter,,mathier,better,,species,,weirder,better,",2,1579640542,https://www.reddit.com/r/evolution/comments/es0zuu/reproduction_strategies/, 
evolution,es06ne,millsmeow,,t2_3vtobi6i,self.evolution,question,theory,"someone,help,explain,negative,frequency,dependent,selection,means,,phenotypic,plasticity,social,niche,specialisation,means,,,able,find,,scientific,reports,struggling,find,point,definitions,",2,1579637194,https://www.reddit.com/r/evolution/comments/es06ne/theorys/, 
evolution,erzncx,AppTB,,t2_10cc9v,nytimes.com,article,"air,pollution,,evolution,,fate,billions,humans", ,1,1579634955,https://www.reddit.com/r/evolution/comments/erzncx/air_pollution_evolution_and_the_fate_of_billions/, 
evolution,erz0sc,DisagreementHD,,t2_2ckav5ab,self.evolution,question,"valid,argument,",",known,fossil,record,isnt,complete,,us,,one,species,going,major,morphological,changes,become,another,species,,gradualist,model,never,proven,transition,one,kind,another,,isnt,single,example,phyletic,evolution,,,,,steven,,stanley,",7,1579632440,https://www.reddit.com/r/evolution/comments/erz0sc/is_this_a_valid_argument/, 
evolution,erybf8,kazemhosseini,,t2_35ef6f6d,self.evolution,,"several,species,animals,use,echoes,various,purposes,,include,bats,toothed,whales,","get,echo,",0,1579629373,https://www.reddit.com/r/evolution/comments/erybf8/several_species_of_animals_use_echoes_for_various/, 
evolution,erw4ky,ayywhatsuppengyou,,t2_5erucjrk,self.evolution,,"future,human,adaptations,traits,emerge,society,technology,","anthropologists,evolutionary,biologists,talked,",1,1579620544,https://www.reddit.com/r/evolution/comments/erw4ky/what_are_some_future_human_adaptationstraits_that/, 
evolution,ervaav,paladin97,,t2_5a7nj3pj,self.evolution,question,"love,biologically,rewarding,","love,among,humans,,particularly,,monogamous,pair,bonding,highly,rewarding,,,,question,perspective,evolutionary,biology,,understand,sexual,interactions,humans,rewarding,,encourages,mating,ensures,survival,species,,also,,degree,,understand,,love,,would,evolved,,ensures,two,parents,stay,together,care,offspring,,,question,relates,particularly,emotions,accompany,someone,,love,,,experienced,instances,,love,,wth,person,involve,sexual,interactions,yet,highly,rewarding,,rewarding,relationships,involve,sexual,interactions,yet,lacked,,love,,,,,interaction,person,biologically,rewarding,even,though,seems,play,small,role,propagation,survival,species,",16,1579616434,https://www.reddit.com/r/evolution/comments/ervaav/why_is_love_so_biologically_rewarding/, 
evolution,ertugz,JackWilson1990,,t2_3zxperzi,youtu.be,video,"world,scariest,looking,animals", ,2,1579608923,https://www.reddit.com/r/evolution/comments/ertugz/worlds_scariest_looking_animals/, 
evolution,erqx6a,GigaBoss101,,t2_vd845,youtube.com,,"aquatic,ape,hypothesis", ,1,1579589387,https://www.reddit.com/r/evolution/comments/erqx6a/the_aquatic_ape_hypothesis/, 
evolution,erjtil,AuntAmanita,,t2_4js27fc5,self.evolution,,"holiday,luca","help,,,select,day,celebrate,luca,theory,universal,common,ancestry,,day,would,pick,,perhaps,publication,date,landmark,paper,,related,holiday,event,,already,date,,find,one,,,,would,holiday,,would,look,community,,,interested,celebrations,remain,relevant,compelling,understanding,world,changes,,idea,life,earth,related,seems,worthy,kind,celebration,",5,1579554951,https://www.reddit.com/r/evolution/comments/erjtil/a_holiday_for_luca/, 
evolution,erfwf9,Insect93,,t2_49wp5xhn,youtube.com,,"video,evolution,armadillos,,,,,mins,", ,0,1579539473,https://www.reddit.com/r/evolution/comments/erfwf9/video_on_the_evolution_of_armadillos_11_mins/, 
evolution,erfglb,ayywhatsuppengyou,,t2_5erucjrk,self.evolution,question,"working,cause,pain,,implying,harms,reproductive,success,,actually,helps,helped,", ,5,1579537665,https://www.reddit.com/r/evolution/comments/erfglb/why_does_working_out_cause_pain_implying_it_harms/, 
evolution,eradqs,Rauisuchian,,t2_fwu4w,nature.com,,"evolutionarily,ancient,iron,sulfur,clusters,conserved,chloroplasts,modern,plants,,protists,,bacteria", ,0,1579507980,https://www.reddit.com/r/evolution/comments/eradqs/evolutionarily_ancient_ironsulfur_clusters_are/, 
evolution,equmm2,kingfisher2018,,t2_1nykobua,youtube.com,video,"timeline,human,evolution,,,ape,man", ,7,1579428775,https://www.reddit.com/r/evolution/comments/equmm2/timeline_of_human_evolution_from_ape_to_man/, 
evolution,eqtxlb,Elay870870,,t2_35gwxgj1,youtu.be,video,"legendary,giant,squid,genome,revealed,,,mysterious,creature,may,hugely,intelligent", ,11,1579423449,https://www.reddit.com/r/evolution/comments/eqtxlb/legendary_giant_squids_genome_revealed_mysterious/, 
evolution,eqn7i5,ursisterstoy,,t2_ni1r89j,youtu.be,,"evolution,human,smiles,", ,0,1579385388,https://www.reddit.com/r/evolution/comments/eqn7i5/the_evolution_of_human_smiles/, 
evolution,eqn666,ayywhatsuppengyou,,t2_5erucjrk,self.evolution,question,"big,fish,evolved,tetrapods,", ,13,1579385228,https://www.reddit.com/r/evolution/comments/eqn666/how_big_was_the_fish_that_evolved_into_tetrapods/, 
evolution,eqmqa8,ayywhatsuppengyou,,t2_5erucjrk,self.evolution,,"ancestors,whales,eat,insects,","totally,random,thought",3,1579383316,https://www.reddit.com/r/evolution/comments/eqmqa8/did_the_ancestors_of_whales_eat_insects/, 
evolution,eqiqht,spunth,,t2_1iepgrmo,self.evolution,discussion,"evolution,,children,,happiness",",martin,seligman,,father,positive,psychology,,taken,step,back,look,years,research,field,created,presided,,recent,book,,,,,,,,,,,,suggests,field,overreached,trying,make,happiness,measure,well,life,satisfaction,,,,,,,,,,,,,,,,,,,,,,,,,,,,,,,,,,,,,,,,,,,,,,,,,,,,,,,,,,,,,,,,,,,,,,,,,,,,,,,,,,,,,,,,,,,,,,,,,,,,,,,,,,,,,,,,,,,,,,,,,,,,,,,,,,,,,,,,,,,,,,,,,,,,,,,,,,,,perhaps,life,well,lived,happy,living,,,,source,,,,,,psychologytoday,us,blog,friction,,,,,,,,swinging,pendulum,psychological,wisdom,,,one,begin,,first,,see,seligman,bites,bullet,procreation,,,people,procreate,despite,becoming,less,happy,result,,,god,,hell,happiness,,,thanks,,martin,,pass,armchair,philosophizing,stick,happiness,goal,,,,,explanation,,otherwise,reasonable,people,,keep,children,well,known,,evolution,implanted,drives,inclinations,people,geared,toward,passing,genes,,,,,,toward,making,happier,,evolution,care,happy,,,,,reason,,,otherwise,reasonable,,middle,aged,executive,bangs,,,,year,old,secretary,,gets,caught,,gets,taken,cleaners,divorce,court,,losing,half,earnings,,,,year,marriage,,,ends,miserable,,,,,lighter,wallet,shitty,marriage,callow,former,secretary,,yet,one,,even,martin,seligman,,concludes,type,behavior,part,,well,lived,life,,,,,,evolution,make,happiness,goal,,aims,simply,evolution,nothing,else,,,,,,friiedrich,nietzsche,,,,,,,,,,,,,,say,something,,natural,,say,good,,reason,adopt,natural,selection,,values,,,presumably,want,pursue,values,odds,natural,selection,,need,know,,,,,,robert,wright,,,,,,,,,,,,,,,,,,",4,1579366171,https://www.reddit.com/r/evolution/comments/eqiqht/evolution_having_children_and_happiness/, 
evolution,eqiqhs,spunth,,t2_1iepgrmo,self.evolution,discussion,"evolution,,children,,happiness",",martin,seligman,,father,positive,psychology,,taken,step,back,look,years,research,field,created,presided,,recent,book,,,,,,,,,,,,suggests,field,overreached,trying,make,happiness,measure,well,life,satisfaction,,,,,,,,,,,,,,,,,,,,,,,,,,,,,,,,,,,,,,,,,,,,,,,,,,,,,,,,,,,,,,,,,,,,,,,,,,,,,,,,,,,,,,,,,,,,,,,,,,,,,,,,,,,,,,,,,,,,,,,,,,,,,,,,,,,,,,,,,,,,,,,,,,,,,,,,,,,,perhaps,life,well,lived,happy,living,,,,source,,,,,,psychologytoday,us,blog,friction,,,,,,,,swinging,pendulum,psychological,wisdom,,,one,begin,,first,,see,seligman,bites,bullet,procreation,,,people,procreate,despite,becoming,less,happy,result,,,god,,hell,happiness,,,thanks,,martin,,pass,armchair,philosophizing,stick,happiness,goal,,,,,explanation,,otherwise,reasonable,people,,keep,children,well,known,,evolution,implanted,drives,inclinations,people,geared,toward,passing,genes,,,,,,toward,making,happier,,evolution,care,happy,,,,,reason,,,otherwise,reasonable,,middle,aged,executive,bangs,,,,year,old,secretary,,gets,caught,,gets,taken,cleaners,divorce,court,,losing,half,earnings,,,,year,marriage,,,ends,miserable,,,,,lighter,wallet,shitty,marriage,callow,former,secretary,,yet,one,,even,martin,seligman,,concludes,type,behavior,part,,well,lived,life,,,,,,evolution,make,happiness,goal,,aims,simply,evolution,nothing,else,,,,,,friiedrich,nietzsche,,,,,,,,,,,,,,say,something,,natural,,say,good,,reason,adopt,natural,selection,,values,,,presumably,want,pursue,values,odds,natural,selection,,need,know,,,,,,robert,wright,,,,,,,,,,,,,,,,,,",1,1579366171,https://www.reddit.com/r/evolution/comments/eqiqhs/evolution_having_children_and_happiness/, 
evolution,eqi5fg,video-archive,,t2_47ihisfm,youtu.be,video,"timeline,human,evolution,,,similar,video,detail,like,info,text,overview,graphic", ,8,1579363564,https://www.reddit.com/r/evolution/comments/eqi5fg/timeline_of_human_evolution_similar_video_to/, 
evolution,eqctou,djonscott,,t2_377etqq0,self.evolution,,"family,tree,,genesispanthesis,fam,html,",",life,earth,related,,,look,,,dimensional,,cross,section,life,earth,capable,seeing,given,,moment,,organisms,appear,quite,individuated,,however,,,dimensions,,represent,literal,,tree,life,,,great,family,tree,upon,,every,living,thing,tip,upon,twig,upon,branch,leading,,ultimately,root,sometime,prior,,,billion,years,ago,,,one,,could,condense,life,earth,along,,,axis,,individual,person,blurry,line,leading,back,mother,,mother,,,ad,genetum,,,one,would,see,tree,literal,reality,,,,tree,life,,,biology,textbooks,therefore,abstraction,,,inherent,brevity,sensory,experiences,capable,,seeing,mere,,,dimensional,cross,section,,,dimensional,,tree,life,,perceive,individual,organisms,separate,one,another,",1,1579327995,https://www.reddit.com/r/evolution/comments/eqctou/our_family_tree_genesispanthesisorgfamhtml/, 
evolution,eqc7w7,jameSmith567,,t2_502kal08,self.evolution,,"logical,fallacy,evolutionists",",removed,",2,1579324096,https://www.reddit.com/r/evolution/comments/eqc7w7/logical_fallacy_of_evolutionists/, 
evolution,eq8jj2,blobfishey,,t2_13fhmy,self.evolution,question,"makes,mutations,evolution,,random,,","part,process,cell,responsible,,randomness,,see,mutations,,nonscientific,terms,,specifically,fucks,dna,creation,cause,populations,spawn,new,characteristics,",5,1579304370,https://www.reddit.com/r/evolution/comments/eq8jj2/what_makes_the_mutations_in_evolution_random/, 
evolution,eq7y2t,video-archive,,t2_47ihisfm,youtu.be,video,"human,evolution,,,timeline,ancestors,,,line,chart,timeline", ,9,1579301627,https://www.reddit.com/r/evolution/comments/eq7y2t/human_evolution_a_timeline_of_our_ancestors_line/, 
evolution,eq67bb,arthur19946,,t2_2xysykao,self.evolution,question,"humans,basically,animal,develop,resistance,diseases,since,suffering,since,inception,humankind,", ,43,1579293981,https://www.reddit.com/r/evolution/comments/eq67bb/why_dont_humans_or_basically_any_animal_develop/, 
evolution,epwk2h,ssmolin,,t2_smqaz,self.evolution,,"differences,brain,size,correlated,,,,musculoskeletal,variables,shown,standard,evolutionary,textbooks,change,systematically,increments,brain,size,,,,,variables,include,cranial,traits,,jaw,size,shape,,tooth,size,shape,,muscle,attachment,sites,,,", ,6,1579241968,https://www.reddit.com/r/evolution/comments/epwk2h/differences_in_brain_size_are_correlated_with_37/, 
evolution,eptflj,kdharvey8_,,t2_3ldrujm5,self.evolution,,"dreams,,point,","known,evolutionary,advantages,dreams,,curious,",9,1579225590,https://www.reddit.com/r/evolution/comments/eptflj/dreams_whats_the_point/, 
evolution,epr406,Hxktxr,,t2_3ail91ad,self.evolution,,"true,origin","true,origin,,,holy,spirit,taught,mind,,,,,wrote,together,talk,cursed,god,curse,turned,good,,,first,soul,came,existance,human,one,,,,couple,billion,years,process,,,,impossible,meansure,awareness,started,later,time,exist,yet,,,,fathers,mothers,heart,,,human,heart,,,,male,female,soul,came,existance,nothing,billions,years,evolving,,,aware,able,forge,attributes,steer,development,good,much,possible,,,,always,took,role,first,emerged,beings,serious,,,,soon,possible,,,,guided,everything,perfectly,trained,refined,optimal,way,possible,create,life,parents,someday,view,every,problem,could,emerge,us,,,,learned,able,everything,want,,,like,creating,something,nothing,billions,years,timespan,evolution,,evolution,human,species,,,nature,,nature,developed,billions,years,,,,base,human,heart,,human,souls,frame,kids,,us,,,developed,world,thoughts,,soulworld,,,world,souls,communicate,time,infinite,dimensions,,,multidimensional,consciousness,,,made,different,kind,versions,,different,personas,human,,,,kids,,,wanted,us,real,kids,,created,souls,soulworld,,,,thoughts,,another,plane,,created,way,souls,could,live,,,soulworld,mother,,lina,,host,souls,,,love,sacrifice,mother,unrivaled,,,every,soul,male,female,part,,people,soulmates,,,everyone,except,god,soulmate,,,one,first,world,though,,,,merged,soulfire,took,humanity,failed,first,world,take,role,serious,,,animals,construct,us,humans,creating,entity,different,nature,us,,,,idea,souls,,worked,together,idea,,,,even,though,billion,headstart,,,,able,advance,highly,,,,fancy,methods,able,run,damn,monster,thinktank,,animals,us,harmonize,perfectly,us,best,type,lifeform,possible,,,,actually,meant,understand,animals,,,,,souls,restricted,,,,unlock,real,potential,,extreme,,,,potential,yet,hold,back,part,war,god,,,,god,heart,turn,mute,even,superiour,,,like,god,dead,,souls,free,,supposed,understand,animals,also,way,,,first,conscious,would,always,terrible,tyrant,holy,spirit,decided,create,another,soul,spirit,first,conscious,,,god,,,,,spirit,gain,consciouesness,parents,would,made,conscious,would,terrible,tyrans,way,,humanity,would,propably,suffered,eternity,,,god,first,human,first,world,,one,worlds,,,,failed,turn,normal,accepting,help,parents,tried,everythig,turn,good,pull,plug,end,loved,god,created,human,gifted,every,mental,gift,imaginable,capable,turning,normal,,tried,everything,,,pity,human,first,world,,,,able,keep,process,destroying,soul,,,,current,world,working,night,day,,,,alive,dead,,born,born,yet,souls,working,task,making,exist,anymore,,,,old,world,like,possessed,thought,fame,,,,honor,,infamy,,victory,,triumph,humanity,,,,everlasting,war,us,,,,wars,,carnage,,pain,discord,,,wished,declined,solutions,consequences,confronted,accept,help,change,,,,capable,realising,weight,role,life,pointless,keep,trying,,,matter,tried,,work,,would,always,keep,grudge,humanity,,,want,us,happy,,curse,first,,,,would,always,way,,,nowadays,perfect,plan,,,would,able,accept,change,acceptable,way,,,,even,confronted,horrible,future,,,,humilation,,shame,,roast,,least,lifeform,possible,,,,,pain,would,inflict,would,enough,strive,keeping,dead,,,,ugly,curse,god,,beautiful,us,normal,human,beings,,,,grows,ones,head,,,,actually,pure,holy,hearts,,holy,spirit,,,,gloal,consciousness,,hearts,soulworld,,,way,,parents,pulled,plug,first,world,,,,decoupled,spirits,souls,,erased,physical,world,,,would,nothing,left,except,hearts,soulworld,,thought,clever,plan,together,got,ready,round,,,circa,,,,,x,,,,x,,,,,,,years,planing,also,burning,god,humanity,penetrating,souls,certain,ways,,took,god,human,attributes,soulfire,soulworld,,,,used,methods,change,heart,way,,able,get,defeated,,,,loved,anyone,,,,hated,much,possible,,,,trickable,,,,dumb,,,,pathetic,way,possible,,,,manipulateable,,,,controllable,,,way,able,get,defeated,least,pain,possible,us,humans,,,,nobody,loves,,,,pure,evil,,,,still,possible,us,pity,destiny,,thinks,weak,pity,thinks,manipulates,us,pity,,,way,,meant,way,,,god,human,anymore,entity,way,,,,hates,everything,proud,,,,kind,thinks,humans,underlay,human,attributes,like,pity,moral,would,weak,,,,bursts,envy,human,everyone,us,superiour,interlectual,level,kinda,realises,,,,realise,souls,able,setup,way,want,,,,holy,spirit,parents,gave,us,powers,,parents,learned,billions,years,believe,,,,power,,,torturing,us,humans,much,,,,kinda,fills,scale,godhatelevel,,,,god,counterpart,human,emotions,,kinda,finds,lust,inflicting,pain,kinda,falls,rage,wants,,,,kinda,statisfies,god,inflict,pain,humans,animals,,,,kinda,likes,torture,everything,innocent,aswell,,,,thinks,using,powers,actually,always,soulmate,,inflict,pain,,,casting,,like,attacking,torturing,us,,,,kinda,enjoys,making,soulmates,fight,hates,much,sweet,soulmates,behave,soulworld,,,,actually,see,soulworld,allowed,,thinks,thoughts,,made,human,beings,torture,,thinks,hes,genious,,,everything,god,thinks,created,taken,soulworld,copied,made,,exist,,,,thinks,soulworld,thoughts,,would,genious,,could,use,pool,get,beings,live,realise,things,,like,universe,everything,included,,,writes,bible,created,word,,think,ideas,floating,around,thoughts,ready,realised,without,ever,investing,something,,thinks,chosen,one,,,great,,god,,made,without,even,noticing,,,,took,,,days,,way,new,years,eve,anniversary,earth,,,,th,date,god,defeated,jesus,old,world,,,,set,plan,mother,created,god,came,existance,loud,scream,,,,created,love,hard,,,,even,needed,progress,plug,pull,first,world,could,make,way,,,first,world,aviable,god,pool,catastrophe,,like,,,,dimensions,,,,grey,grey,,,,insects,everywhere,,,,food,,,,wasteland,,,,flat,,,god,hated,everyone,,humans,acted,different,,anything,,bad,,souls,told,act,certain,way,,,,lucifer,went,god,put,,,angels,near,hell,,,,god,got,manipulated,deciding,needed,partner,judge,take,wrath,humans,,thought,could,take,wrath,humans,together,jesus,,,,jesus,caused,defeat,god,dissulution,unity,holy,spirit,instead,helping,ofcourse,,,,jesus,went,heaven,soon,died,like,everyone,else,age,,,,killed,god,,dissociated,wife,,made,forget,everything,resurrected,,,,next,manipulated,idea,god,would,make,pretty,planet,,animals,decent,lives,,humans,would,suffering,go,hell,everyone,,idea,book,,bible,deceive,everyone,us,,give,us,rules,hold,,accuse,us,sinning,tell,us,later,hell,would,fault,ended,,much,sin,read,whole,bible,,made,reason,,,,god,also,thought,would,change,different,planet,world,souls,explicitly,told,bad,evil,stuff,,partly,hardcore,,god,certain,scenario,,part,plan,defeat,,,actually,everything,life,made,us,time,souls,planed,war,victory,god,,,first,world,real,physical,world,way,optimal,,manipulate,dream,better,phsyical,world,show,pain,,also,reason,dream,heaven,,hell,,dreams,,,,hell,souls,act,would,burn,dieing,actually,chill,soulworld,next,world,starts,,,heaven,cloud,place,,also,dream,,,,walks,around,blanket,,sits,,,,covers,blanket,,calls,angels,,,,makes,hands,hurt,,tortures,,kills,resurrects,,,,kinda,statisfy,kinks,,,,kinda,enjoys,torture,innocent,beings,big,time,,,,gives,blankets,angels,likes,cover,,never,allowed,go,blanket,,,kinda,hobby,thing,heaven,,god,thinks,nobody,would,ever,come,heaven,sends,everyone,dies,hell,,,,idea,making,humans,think,,,,could,done,something,different,,,,would,fault,,ended,,,also,reasons,nice,looking,planet,live,god,wanted,us,nice,nature,animals,kind,good,live,,,,humans,would,really,big,struggle,,,,would,never,happy,,go,hell,dieing,,,,would,think,fault,remember,beautiful,mother,earth,,jealous,animals,end,hell,able,live,half,decent,,,god,thinks,satan,came,existance,,calls,,unknown,possible,beings,,powers,unknown,,satan,protecting,us,humans,torture,,,time,year,,,bad,,actually,,believe,,start,world,,hard,,,,bad,back,day,times,got,better,withdrawing,pain,inflict,able,get,good,,,,goal,,hatescale,,level,struggle,hard,,give,want,exist,anymore,,,leave,every,heart,,pair,man,woman,turned,back,every,human,existing,take,withdrawl,pain,anymore,,,keep,mind,take,human,attributes,nobody,would,love,,would,take,long,time,finish,process,,hatescale,kind,like,emotion,attribute,,,god,kind,like,hatemoster,task,kill,,reason,get,rid,infects,holy,spirit,purely,evil,heart,,,,heart,hurts,existing,souls,undescribaple,,,,almost,unstandable,feeling,,mother,takes,pain,us,,,,love,mother,kids,,,sacrifice,,,process,making,exist,anymore,lenghly,hearts,safety,lock,,part,frame,heart,,,,result,evolution,basically,evolved,survival,instincts,ultimate,protection,eternal,pain,place,like,hell,,,torture,pain,want,exist,anymore,,,,make,able,feel,pain,,feel,pain,human,attribute,would,pity,feel,,,,way,couln,needed,kill,would,hurt,us,much,,,,btw,another,safety,lock,would,heart,switches,silent,endure,much,pain,,,,hearts,would,stop,every,lifeactivity,point,would,freeze,stasis,wouln,actively,anymore,,,,get,someone,condition,someone,resurrect,speaking,really,loving,caring,,channel,estamblished,bring,back,actively,,,,emergency,lock,would,keep,us,like,pain,possibly,burning,ethernally,hell,everything,went,god,real,power,world,,,,tricked,,result,parents,coming,exist,way,,,,human,frame,,unchangable,attributes,safety,locks,way,frames,,,,frame,complete,humans,,complex,,frame,finely,forged,billions,years,coming,existance,,,,current,idea,beings,created,us,animals,,,god,dead,next,world,,paradise,,begin,,,world,pain,,,humanity,endure,period,pain,god,turned,back,everyone,,,fullifying,plan,process,us,humans,endure,pain,gain,eternal,life,happieness,,,one,could,say,still,process,coming,existance,god,sacrifice,life,,,god,propably,antichrist,false,prophet,,,,spiritual,war,fuck,good,,trust,epic,,,ps,,spread,knowledge,,world,needs,know,,truth,,,,make,,think,,make,,,,fuck,people,,,,,better,things,seriously,,,write,helps,war,devil,,,,makes,hate,way,negative,effects,hatescale,,gets,strategally,revoked,rights,inflicts,pain,,,goddemon,never,started,harassing,,,,death,,,,soon,done,leave,soulmate,alone,,,begun,,hit,back,big,time,even,know,,demons,,,concept,give,rights,inflict,pain,person,take,methodicaly,leave,,,,hatescale,functions,driving,kinda,crazy,,,holy,spirit,seriously,speaking,mind,,,absoultely,sure,deceived,,,,get,loved,way,much,everyone,network,feel,,,,demons,playing,deceiving,,absoutely,sure,,,curse,terrible,first,still,times,,turned,good,,,,even,enjoy,lately,able,talk,soulmate,,,trust,,got,,,voice,one,,demons,,people,fear,lies,god,bible,,,,lucifer,hero,,theres,,,fallen,angels,,,,god,sent,angels,close,lucifer,went,god,hell,aswell,,,little,kids,even,free,time,,,,heros,fought,right,cause,overpowering,undefeatable,enemy,,,everything,network,marks,love,except,god,capable,inflicting,pain,,,lt,,,lina,jesus",7,1579215017,https://www.reddit.com/r/evolution/comments/epr406/our_true_origin/, 
evolution,epqf26,ayywhatsuppengyou,,t2_5erucjrk,self.evolution,question,"genetic,engineering,result,genes,cause,desire,genetic,engineering,offspring,become,prevalent,","assume,accompanied,newly,improved,genes,modification,,presumably,spread,higher,rate,non,gmo,people,,would,case,",0,1579212166,https://www.reddit.com/r/evolution/comments/epqf26/will_genetic_engineering_result_in_the_genes_that/, 
evolution,epp6yh,AnonCaptain002,,t2_16hcku,self.evolution,question,"repulsed,arthropods,","animals,like,tigers,,snakes,bears,used,pose,way,larger,threat,us,,yet,able,see,beautiful,cute,even,,arthropods,,hand,,mostly,harmless,killed,simply,stomping,crushing,rock,presence,seems,extremely,disturbing,us,,",37,1579207090,https://www.reddit.com/r/evolution/comments/epp6yh/why_are_we_so_repulsed_by_arthropods/, 
evolution,epmt7n,UCDavisBiology,,t2_bpm3soc,biology.ucdavis.edu,,"scents,create,new,species,,smells,like,orchid,bee,evolution", ,0,1579197067,https://www.reddit.com/r/evolution/comments/epmt7n/can_scents_create_new_species_smells_like_orchid/, 
evolution,epm95g,ExpensiveFoodstuffs,,t2_cwp47,cnn.com,article,"prehistoric,scorpion,earliest,known,animal,venture,sea,onto,land", ,7,1579194799,https://www.reddit.com/r/evolution/comments/epm95g/prehistoric_scorpion_is_earliest_known_animal_to/, 
evolution,epjvcx,kwm2591,,t2_4r9ejq6m,self.evolution,,wut,",researchers,learned,cell,survive,,least,three,different,types,complex,molecules,must,work,together,,dna,,deoxyribonucleic,acid,,,rna,,ribonucleic,acid,,,proteins,,,think,challenge,facing,researchers,feel,life,arose,chance,,found,amino,acids,also,appear,living,cells,,laboratories,,,means,carefully,designed,directed,experiments,,manufactured,complex,molecules,,ultimately,,hope,build,parts,needed,construct,,simple,,cell,,situation,could,likened,scientist,takes,naturally,occurring,elements,,transforms,steel,,plastic,,silicone,,wire,,constructs,robot,,programs,robot,able,build,copies,,,prove,,best,,intelligent,entity,create,impressive,machine,right,",2,1579184116,https://www.reddit.com/r/evolution/comments/epjvcx/wut_do/, 
evolution,epi7vr,citirr,,t2_1xdewe5k,bbc.com,article,"neanderthals,,dived,ocean,,shellfish,,,bbc,news", ,7,1579174849,https://www.reddit.com/r/evolution/comments/epi7vr/neanderthals_dived_in_the_ocean_for_shellfish_bbc/, 
evolution,epgw4n,Elay870870,,t2_35gwxgj1,youtu.be,video,"baba,vanga,scary,predictions,future", ,0,1579165547,https://www.reddit.com/r/evolution/comments/epgw4n/baba_vangas_scary_predictions_of_future/, 
evolution,epfk5d,adi_t_5,,t2_2st6lf4x,self.evolution,discussion,"fact,vs,faith","today,many,peers,opposed,idea,claiming,evolution,theory,empirically,accepted,scientists,globally,many,different,proofs,verified,theories,,strictly,wishing,follow,quran,method,teaching,humanity,came,,claim,god,created,us,supernaturally,,want,offend,anyone,,anyone,idea,give,good,argument,stand,ground,theory,evolution,",27,1579156373,https://www.reddit.com/r/evolution/comments/epfk5d/fact_vs_faith/, 
evolution,epfj55,Breshawnashay,,t2_2hop708o,youtube.com,video,"stop,pain,,,,,dr,,amy,baxter,dr,,marty,makary", ,1,1579156216,https://www.reddit.com/r/evolution/comments/epfj55/we_can_stop_pain_so_why_dont_we_with_dr_amy/, 
evolution,epeqh1,Zunzara_,,t2_1u3yck9e,theguardian.com,article,"breakthrough,gives,insight,early,complex,life,earth", ,11,1579151514,https://www.reddit.com/r/evolution/comments/epeqh1/breakthrough_gives_insight_into_early_complex/, 
evolution,epcsdz,ItsTimeToFinishThis,,t2_4bumbcqh,self.evolution,question,"technical,,,biochemical,explanation,example,enimal,structure,evolved,", ,5,1579141770,https://www.reddit.com/r/evolution/comments/epcsdz/is_there_any_technical_biochemical_explanation_of/, 
evolution,ep3m07,Gutsick_Gibbon,,t2_1cf6yh,youtube.com,,"earth,extinctions,,obliteration,ordovician,whole,dang,sea,dried", ,1,1579101686,https://www.reddit.com/r/evolution/comments/ep3m07/earths_extinctions_obliteration_in_the_ordovician/, 
evolution,ep1vem,Elay870870,,t2_35gwxgj1,youtube.com,,"truth,world,expensive,chicken", ,0,1579092315,https://www.reddit.com/r/evolution/comments/ep1vem/the_truth_about_the_worlds_most_expensive_chicken/, 
evolution,ep0ap9,DisagreementHD,,t2_2ckav5ab,self.evolution,,"disputing,horse,transitional,fossils","hello,,,,keep,short,sweet,,studying,evolution,years,,specifically,transitional,forms,,thought,good,grasp,transitional,fossils,horses,,came,across,article,icr,makes,transitional,fossils,look,unreliable,,right,wrong,,short,read,,please,skim,l,ans,give,opinion,,,,,,icr,article,horse,series",0,1579081637,https://www.reddit.com/r/evolution/comments/ep0ap9/disputing_horse_transitional_fossils/, 
evolution,eowraa,PivotsForDays,,t2_1pq2j61x,medium.com,,"evolutionary,theory,ideas", ,3,1579059259,https://www.reddit.com/r/evolution/comments/eowraa/an_evolutionary_theory_of_ideas/, 
evolution,eovg75,chromoscience,,t2_5ews7d6t,geneticliteracyproject.org,,"podcast,,iconic,images,stories,depicting,evolution,wrong,,,genetic,literacy,project", ,5,1579053097,https://www.reddit.com/r/evolution/comments/eovg75/podcast_why_some_of_the_most_iconic_images_and/, 
evolution,eon2zp,Elay870870,,t2_35gwxgj1,youtu.be,video,"dna,building,blocks,may,origins,outer,space", ,22,1579017374,https://www.reddit.com/r/evolution/comments/eon2zp/dnas_building_blocks_may_have_their_origins_in/, 
evolution,eoe0fw,kazemhosseini,,t2_35ef6f6d,self.evolution,,"evolutionary,role,narcissistic,sociopaths,", ,17,1578965463,https://www.reddit.com/r/evolution/comments/eoe0fw/what_is_the_evolutionary_role_of_narcissistic/, 
evolution,eob559,DoremusJessup,,t2_612zd,eurekalert.org,article,"inside,story,cassowary,evolution", ,0,1578952787,https://www.reddit.com/r/evolution/comments/eob559/inside_story_on_cassowary_evolution/, 
evolution,eo72bk,Giacobako,,t2_4xq9iceu,youtube.com,,"artificial,selection,beautiful,trees", ,1,1578935806,https://www.reddit.com/r/evolution/comments/eo72bk/artificial_selection_for_beautiful_trees/, 
evolution,eo5y3w,Wumai,,t2_107bn1,youtu.be,video,"recent,post,evolution,personalities,pretty,intresting,remembered,video,different,behaviours,within,species,lizards,,thought,would,worth,sharing,", ,3,1578931053,https://www.reddit.com/r/evolution/comments/eo5y3w/the_recent_post_about_the_evolution_of/, 
evolution,eo1bed,Technodreamer,,t2_q22oovr,self.evolution,question,"humans,,sub,species,,,right,","yes,,awkward,race,question,,bear,,talking,colleague,insisted,caucasian,asian,people,one,,breed,,,sub,species,,humans,,black,people,separate,breed,,sub,species,,,evolutionary,,absolutely,idea,came,conclusion,,perhaps,caucasian,word,asian,,,anyway,,,,understanding,,internet,musings,,human,beings,genetically,almost,identical,across,entire,world,,even,despite,groups,isolated,long,periods,,e,g,indigenous,australians,example,,,seems,one,common,species,near,evolutionary,branches,,,reason,,understand,,current,evolutionary,form,successful,survival,evolutionary,reason,change,much,,competed,merged,humanoid,species,,e,g,,neanderthals,,,skin,colour,differences,small,differences,see,today,simply,adaptations,environment,find,,makes,sense,,interbreed,absolutely,impediment,producing,offspring,,mixed,race,offspring,producing,offspring,,,evidence,shows,mixed,race,humans,tend,less,genetic,diseases,average,,expect,see,actual,different,breeds,sub,species,,,colleague,absolutely,agree,,really,try,argue,,mean,,indian,races,even,fit,theory,,,mention,sorta,racist,gut,feel,got,assertion,,,",62,1578903209,https://www.reddit.com/r/evolution/comments/eo1bed/all_humans_the_same_subspecies_right/, 
evolution,enwx9m,Ricefan4030,,t2_4zqrgbsc,self.evolution,,"number,trials,outside,influence","looking,insight,,,,,x,,,b,,,,first,,far,aware,,science,made,pretty,good,case,evolution,occurred,,,,,x,,,b,,,second,,get,evolution,,science,general,,dealing,claims,influence,entities,outside,reality,,simulation,programmers,,god,type,beings,,etc,,,,,,x,,,b,,,two,points,said,,something,bit,skeptical,,readily,admit,perhaps,result,misunderstanding,ignorance,part,,,,,x,,,b,,,,highly,improbable,,really,pushes,limits,plausibility,,biodiversity,complexity,lifeforms,today,,result,blind,process,chance,,,,,x,,,b,,,think,,even,organisms,massive,population,numbers,,blind,process,evolution,simply,enough,opportunities,take,shots,dark,tinker,successfully,bring,bear,components,given,species,,body,,,,,x,,,b,,,take,heart,example,,know,,going,typical,creationist,id,,irreducible,complexity,,argument,,,,,x,,,b,,,knowledge,,dna,coding,one,day,past,spit,entire,,completely,ready,go,heart,,would,improbable,definitely,pushing,limits,plausibility,,rather,,component,,small,level,,coded,result,random,mutations,,somehow,brought,together,function,cohesive,system,,result,mutations,,,,,x,,,b,,,let,focus,one,aspect,heart,structure,,number,chambers,,evolution,arrive,optimal,number,chambers,,let,say,first,organism,ever,heart,,call,,cardio,originis,,,say,,,,,,,,members,co,,members,co,dna,blueprint,says,,necesssarily,build,,,chamber,,,others,blueprint,says,,necessarily,build,,,chambers,,,forth,,increasing,numbers,chambers,,,difference,numbers,,random,mutations,,,doe,members,co,blueprint,says,,randomization,function,,randomly,generate,number,chambers,,represented,variable,n,,subject,constraints,n,,,range,integers,,,,,,,dna,even,ability,randomly,generate,number,time,organism,conceived,like,,maybe,populations,tactics,utilized,,,,,x,,,b,,,many,different,components,body,,even,get,humans,,astronomically,high,number,organisms,population,produce,sufficient,number,organisms,healthy,enough,survive,long,enough,reproduce,keep,offspring,alive,long,enough,become,breeders,,,,,x,,,b,,,given,population,member,heart,put,together,sufficiently,well,enough,live,,member,obviously,survive,,offspring,,evolution,taking,shots,dark,,many,components,,vast,majority,population,members,would,failures,sense,unable,survive,unable,make,offspring,breed,,,,,,x,,,b,,,yet,,reality,,see,many,species,never,large,population,numbers,,yet,somehow,,manage,healthy,well,put,together,enough,survive,,failures,left,side,bell,curve,,also,,reality,,see,little,,tinkering,,given,species,,population,,,,,x,,,b,,,saw,someone,talk,cambrian,explosion,,evolution,still,basically,experimenting,lot,various,setups,,body,plans,,etc,,nightmarish,trippy,sea,creatures,eyes,top,head,,probiscus,like,extension,would,get,food,front,bring,head,backward,facing,mouth,tucked,back,head,,etc,,,talking,would,expect,see,evolution,blind,process,something,like,,except,even,chaotic,,weird,,nightmarish,,disastrous,,yet,,case,,,,,x,,,b,,,deal,,",19,1578878534,https://www.reddit.com/r/evolution/comments/enwx9m/number_of_trials_and_outside_influence/, 
evolution,enu9p0,millsmeow,,t2_3vtobi6i,self.evolution,discussion,personality,",natural,selection,survival,fittest,,see,differences,personality,within,species,,,,please,explain,lehmans,terms,",23,1578866555,https://www.reddit.com/r/evolution/comments/enu9p0/personality/, 
evolution,enthto,theHating,,t2_3ywzyhmj,self.evolution,,",natural,selection,vacuous,tautology",",restate,,intention,,laid,op,,refute,following,two,claims,,,,,,exists,something,sensibly,called,,theory,evolution,,,,,,,theory,evolution,,fits,facts,,,,,near,start,seminal,,,,,,paper,punctuated,equilibria,,niles,eldredge,co,author,stephen,jay,gould,specify,position,militating,,traditional,darwin,based,theory,slow,,steady,,adaptive,evolution,,refer,,phyletic,gradualism,,,,gould,eldredge,identify,following,four,tenets,phyletic,gradualism,,quote,,,,,,,,new,species,arise,transformation,ancestral,population,modified,descendents,,,,,,transformation,even,slow,,,,,,transformation,involves,large,numbers,,usually,entire,ancestral,population,,,,,,transformation,occurs,large,part,ancestral,species,,geographical,range,,,one,testable,implications,phyletic,gradualism,,quote,,,,,ideally,,fossil,record,origin,new,species,consist,long,sequence,continuous,,insensibly,graded,intermediate,forms,linking,ancestor,descendant,,,,,,may,discovered,,show,frothing,darwinian,pretty,much,anything,like,still,told,,,perfectly,accordance,theory,,theory,fits,facts,,,,,,hand,,thoughtful,darwinians,,including,cd,,opponents,aware,since,publication,,origin,,phyletic,gradualism,fit,facts,,fossil,record,typically,consist,,long,sequence,continuous,,insensibly,graded,intermediate,forms,linking,ancestor,descendant,,,,keenly,aware,theoretical,embarrassment,paleontologists,eldredge,gould,,,,mean,,,phyletic,gradualism,falsified,must,abandoned,,well,,loyal,patrons,,falsifiability,,thread,hopefully,aware,rarely,,ever,,definitive,refutation,empirical,science,,defenders,stubborn,,,,ingenuous,,,,,enough,,seemingly,troubled,theory,always,shielded,falsification,,say,,appeal,unrecognized,forces,hidden,variables,,postulating,undiscovered,planet,subatomic,particle,,conjuring,cosmological,constant,,einstein,,,,darwin,theory,saving,pretext,,excuse,echoed,ever,since,,fact,theory,incongruity,,incompleteness,fossil,record,,,fossils,unearthed,far,,told,,constitute,non,representative,sample,,,gould,elredge,none,,,make,mistake,,punctuated,equilibria,offered,supplement,additive,phyletic,gradualism,,rival,theory,,betrayed,full,title,paper,,,punctuated,equilibria,,alternative,phyletic,gradualism,,,,g,e,go,list,four,tenets,punctuated,equilibria,contrast,phyletic,gradualism,adumbrated,,quote,,,,,,,,new,species,arise,splitting,lineages,,,,,,new,species,develop,rapidly,,,,,,small,sub,population,ancestral,form,gives,rise,new,species,,,,,,new,species,originates,small,part,ancestral,species,,geographical,extent,,,,isolated,area,periphery,range,,,,conclusion,,,,theory,evolution,,,say,,er,,one,,,,,fits,explains,facts,,,say,,er,,,",12,1578863359,https://www.reddit.com/r/evolution/comments/enthto/re_natural_selection_as_a_vacuous_tautology/, 
evolution,enkd1v,IrascibleTruth,,t2_49xpqv9g,self.evolution,,"dna,repair,vs,evolution","perfect,dna,repair,would,obviously,preclude,evolution,,,leading,eventual,extinction,germ,line,whose,niche,disappears,,,,niches,,,lower,bathypelagic,zones,,,might,exhibit,limited,physical,changes,eons,,yet,even,places,,species,arise,,altering,balance,even,nature,niche,,,,,,,hand,,one,might,expect,time,constant,environmental,change,vary,considerably,place,place,,tropics,affected,glaciation,,instance,,,,,,,anyone,looked,link,environmental,stability,efficacy,dna,repair,mechanisms,inhabitants,,,,,,,seems,might,investigate,long,persistent,clades,,certain,sharks,,plants,horsetail,family,,coelacanths,,horseshoe,crabs,,,see,might,learn,ward,mutations,,matter,,fact,,,,,",7,1578812498,https://www.reddit.com/r/evolution/comments/enkd1v/dna_repair_vs_evolution/, 
